Question,Personality System B,Primary Trait,Option A Maps To,Option B Maps To,Scoring Logic,AI Interpretation Tag
Would You Rather… focus on self-growth OR helping others grow while under pressure?,DISC,Influence vs Compliance,Influence,Compliance,Option A increases Influence score. Option B increases Compliance score.,AI dynamically tracks behavioral tendencies and adaptive personality patterns for DISC.
Would You Rather… solve global problems OR focus on your own happiness every single day?,DISC,Dominance vs Steadiness,Dominance,Steadiness,Option A increases Dominance score. Option B increases Steadiness score.,AI dynamically tracks behavioral tendencies and adaptive personality patterns for DISC.
Would You Rather… be admired for intelligence OR kindness in front of millions of people?,DISC,Influence vs Compliance,Influence,Compliance,Option A increases Influence score. Option B increases Compliance score.,AI dynamically tracks behavioral tendencies and adaptive personality patterns for DISC.
Would You Rather… live in a futuristic smart city OR isolated in nature,Enneagram,Security vs Adventure,Security,Adventure,Option A increases Security score. Option B increases Adventure score.,AI dynamically tracks behavioral tendencies and adaptive personality patterns for Enneagram.
Would You Rather… become famous online OR respected privately by experts if money didn't matter?,Big Five,Conscientiousness,High Conscientiousness,Low Conscientiousness,Option A increases High Conscientiousness score. Option B increases Low Conscientiousness score.,AI dynamically tracks behavioral tendencies and adaptive personality patterns for Big Five.
Would You Rather… explore outer space OR explore the deep ocean if money didn't matter?,Big Five,Openness,High Openness,Low Openness,Option A increases High Openness score. Option B increases Low Openness score.,AI dynamically tracks behavioral tendencies and adaptive personality patterns for Big Five.
Would You Rather… build a billion-dollar company OR live a peaceful simple life,Big Five,Openness,High Openness,Low Openness,Option A increases High Openness score. Option B increases Low Openness score.,AI dynamically tracks behavioral tendencies and adaptive personality patterns for Big Five.
Would You Rather… work 4 intense hours OR 12 calm hours every single day?,Enneagram,Achievement vs Authenticity,Achievement,Authenticity,Option A increases Achievement score. Option B increases Authenticity score.,AI dynamically tracks behavioral tendencies and adaptive personality patterns for Enneagram.
Would You Rather… lead a movement OR quietly support one in front of millions of people?,Big Five,Openness,High Openness,Low Openness,Option A increases High Openness score. Option B increases Low Openness score.,AI dynamically tracks behavioral tendencies and adaptive personality patterns for Big Five.
Would You Rather… always tell the truth OR always avoid hurting feelings in front of millions of people?,Love Languages,Touch vs Independence,Physical Touch,Independence,Option A increases Physical Touch score. Option B increases Independence score.,AI dynamically tracks behavioral tendencies and adaptive personality patterns for Love Languages.
Would You Rather… live in a futuristic smart city OR isolated in nature for the next 10 years?,MBTI,Thinking vs Feeling,Thinking,Feeling,Option A increases Thinking score. Option B increases Feeling score.,AI dynamically tracks behavioral tendencies and adaptive personality patterns for MBTI.
Would You Rather… work 4 intense hours OR 12 calm hours every single day?,Big Five,Conscientiousness,High Conscientiousness,Low Conscientiousness,Option A increases High Conscientiousness score. Option B increases Low Conscientiousness score.,AI dynamically tracks behavioral tendencies and adaptive personality patterns for Big Five.
Would You Rather… live without social media OR without streaming entertainment if money didn't matter?,Big Five,Agreeableness,High Agreeableness,Low Agreeableness,Option A increases High Agreeableness score. Option B increases Low Agreeableness score.,AI dynamically tracks behavioral tendencies and adaptive personality patterns for Big Five.
Would You Rather… constantly reinvent yourself OR stay true to tradition in front of millions of people?,Love Languages,Touch vs Independence,Physical Touch,Independence,Option A increases Physical Touch score. Option B increases Independence score.,AI dynamically tracks behavioral tendencies and adaptive personality patterns for Love Languages.
Would You Rather… rely on intuition OR rely on hard data for the next 10 years?,Enneagram,Achievement vs Authenticity,Achievement,Authenticity,Option A increases Achievement score. Option B increases Authenticity score.,AI dynamically tracks behavioral tendencies and adaptive personality patterns for Enneagram.
Would You Rather… know everyone likes you OR know everyone respects you during a crisis?,DISC,Influence vs Compliance,Influence,Compliance,Option A increases Influence score. Option B increases Compliance score.,AI dynamically tracks behavioral tendencies and adaptive personality patterns for DISC.
Would You Rather… take huge risks for success OR play life safely for the next 10 years?,Love Languages,Time vs Gifts,Quality Time,Receiving Gifts,Option A increases Quality Time score. Option B increases Receiving Gifts score.,AI dynamically tracks behavioral tendencies and adaptive personality patterns for Love Languages.
Would You Rather… be emotionally vulnerable OR emotionally resilient while under pressure?,DISC,Dominance vs Steadiness,Dominance,Steadiness,Option A increases Dominance score. Option B increases Steadiness score.,AI dynamically tracks behavioral tendencies and adaptive personality patterns for DISC.
Would You Rather… live without social media OR without streaming entertainment,Love Languages,Touch vs Independence,Physical Touch,Independence,Option A increases Physical Touch score. Option B increases Independence score.,AI dynamically tracks behavioral tendencies and adaptive personality patterns for Love Languages.
Would You Rather… live without social media OR without streaming entertainment during a crisis?,DISC,Dominance vs Steadiness,Dominance,Steadiness,Option A increases Dominance score. Option B increases Steadiness score.,AI dynamically tracks behavioral tendencies and adaptive personality patterns for DISC.
Would You Rather… solve global problems OR focus on your own happiness if money didn't matter?,Big Five,Conscientiousness,High Conscientiousness,Low Conscientiousness,Option A increases High Conscientiousness score. Option B increases Low Conscientiousness score.,AI dynamically tracks behavioral tendencies and adaptive personality patterns for Big Five.
Would You Rather… work 4 intense hours OR 12 calm hours if money didn't matter?,MBTI,Judging vs Perceiving,Judging,Perceiving,Option A increases Judging score. Option B increases Perceiving score.,AI dynamically tracks behavioral tendencies and adaptive personality patterns for MBTI.
Would You Rather… live in a futuristic smart city OR isolated in nature while under pressure?,Love Languages,Time vs Gifts,Quality Time,Receiving Gifts,Option A increases Quality Time score. Option B increases Receiving Gifts score.,AI dynamically tracks behavioral tendencies and adaptive personality patterns for Love Languages.
Would You Rather… build a billion-dollar company OR live a peaceful simple life if money didn't matter?,Love Languages,Touch vs Independence,Physical Touch,Independence,Option A increases Physical Touch score. Option B increases Independence score.,AI dynamically tracks behavioral tendencies and adaptive personality patterns for Love Languages.
Would You Rather… always tell the truth OR always avoid hurting feelings every single day?,MBTI,Judging vs Perceiving,Judging,Perceiving,Option A increases Judging score. Option B increases Perceiving score.,AI dynamically tracks behavioral tendencies and adaptive personality patterns for MBTI.
Would You Rather… build a billion-dollar company OR live a peaceful simple life every single day?,Big Five,Neuroticism,Emotional Reactivity,Emotional Stability,Option A increases Emotional Reactivity score. Option B increases Emotional Stability score.,AI dynamically tracks behavioral tendencies and adaptive personality patterns for Big Five.
Would You Rather… explore outer space OR explore the deep ocean in front of millions of people?,DISC,Influence vs Compliance,Influence,Compliance,Option A increases Influence score. Option B increases Compliance score.,AI dynamically tracks behavioral tendencies and adaptive personality patterns for DISC.
Would You Rather… always tell the truth OR always avoid hurting feelings while under pressure?,MBTI,Intuition vs Sensing,Intuition,Sensing,Option A increases Intuition score. Option B increases Sensing score.,AI dynamically tracks behavioral tendencies and adaptive personality patterns for MBTI.
Would You Rather… live without social media OR without streaming entertainment,Big Five,Openness,High Openness,Low Openness,Option A increases High Openness score. Option B increases Low Openness score.,AI dynamically tracks behavioral tendencies and adaptive personality patterns for Big Five.
Would You Rather… have endless creativity OR perfect discipline in front of millions of people?,Love Languages,Touch vs Independence,Physical Touch,Independence,Option A increases Physical Touch score. Option B increases Independence score.,AI dynamically tracks behavioral tendencies and adaptive personality patterns for Love Languages.
Would You Rather… take huge risks for success OR play life safely in front of millions of people?,Love Languages,Touch vs Independence,Physical Touch,Independence,Option A increases Physical Touch score. Option B increases Independence score.,AI dynamically tracks behavioral tendencies and adaptive personality patterns for Love Languages.
Would You Rather… live without social media OR without streaming entertainment during a crisis?,Enneagram,Achievement vs Authenticity,Achievement,Authenticity,Option A increases Achievement score. Option B increases Authenticity score.,AI dynamically tracks behavioral tendencies and adaptive personality patterns for Enneagram.
Would You Rather… become famous online OR respected privately by experts,MBTI,Judging vs Perceiving,Judging,Perceiving,Option A increases Judging score. Option B increases Perceiving score.,AI dynamically tracks behavioral tendencies and adaptive personality patterns for MBTI.
Would You Rather… know everyone likes you OR know everyone respects you every single day?,Big Five,Neuroticism,Emotional Reactivity,Emotional Stability,Option A increases Emotional Reactivity score. Option B increases Emotional Stability score.,AI dynamically tracks behavioral tendencies and adaptive personality patterns for Big Five.
Would You Rather… inspire millions OR deeply impact a few people for the next 10 years?,Enneagram,Achievement vs Authenticity,Achievement,Authenticity,Option A increases Achievement score. Option B increases Authenticity score.,AI dynamically tracks behavioral tendencies and adaptive personality patterns for Enneagram.
Would You Rather… focus on self-growth OR helping others grow if money didn't matter?,Love Languages,Touch vs Independence,Physical Touch,Independence,Option A increases Physical Touch score. Option B increases Independence score.,AI dynamically tracks behavioral tendencies and adaptive personality patterns for Love Languages.
Would You Rather… become famous online OR respected privately by experts during a crisis?,Big Five,Conscientiousness,High Conscientiousness,Low Conscientiousness,Option A increases High Conscientiousness score. Option B increases Low Conscientiousness score.,AI dynamically tracks behavioral tendencies and adaptive personality patterns for Big Five.
Would You Rather… travel constantly OR build roots in one place,MBTI,Thinking vs Feeling,Thinking,Feeling,Option A increases Thinking score. Option B increases Feeling score.,AI dynamically tracks behavioral tendencies and adaptive personality patterns for MBTI.
Would You Rather… travel constantly OR build roots in one place every single day?,Big Five,Openness,High Openness,Low Openness,Option A increases High Openness score. Option B increases Low Openness score.,AI dynamically tracks behavioral tendencies and adaptive personality patterns for Big Five.
Would You Rather… be admired for intelligence OR kindness in front of millions of people?,DISC,Dominance vs Steadiness,Dominance,Steadiness,Option A increases Dominance score. Option B increases Steadiness score.,AI dynamically tracks behavioral tendencies and adaptive personality patterns for DISC.
Would You Rather… become a genius inventor OR an elite communicator for the next 10 years?,MBTI,Thinking vs Feeling,Thinking,Feeling,Option A increases Thinking score. Option B increases Feeling score.,AI dynamically tracks behavioral tendencies and adaptive personality patterns for MBTI.
Would You Rather… know everyone likes you OR know everyone respects you if money didn't matter?,DISC,Dominance vs Steadiness,Dominance,Steadiness,Option A increases Dominance score. Option B increases Steadiness score.,AI dynamically tracks behavioral tendencies and adaptive personality patterns for DISC.
Would You Rather… work 4 intense hours OR 12 calm hours while under pressure?,Love Languages,Time vs Gifts,Quality Time,Receiving Gifts,Option A increases Quality Time score. Option B increases Receiving Gifts score.,AI dynamically tracks behavioral tendencies and adaptive personality patterns for Love Languages.
Would You Rather… inspire millions OR deeply impact a few people if money didn't matter?,Love Languages,Time vs Gifts,Quality Time,Receiving Gifts,Option A increases Quality Time score. Option B increases Receiving Gifts score.,AI dynamically tracks behavioral tendencies and adaptive personality patterns for Love Languages.
Would You Rather… live without social media OR without streaming entertainment if money didn't matter?,Big Five,Agreeableness,High Agreeableness,Low Agreeableness,Option A increases High Agreeableness score. Option B increases Low Agreeableness score.,AI dynamically tracks behavioral tendencies and adaptive personality patterns for Big Five.
Would You Rather… become a genius inventor OR an elite communicator while under pressure?,MBTI,Judging vs Perceiving,Judging,Perceiving,Option A increases Judging score. Option B increases Perceiving score.,AI dynamically tracks behavioral tendencies and adaptive personality patterns for MBTI.
Would You Rather… solve global problems OR focus on your own happiness while under pressure?,Big Five,Openness,High Openness,Low Openness,Option A increases High Openness score. Option B increases Low Openness score.,AI dynamically tracks behavioral tendencies and adaptive personality patterns for Big Five.
Would You Rather… take huge risks for success OR play life safely,Big Five,Conscientiousness,High Conscientiousness,Low Conscientiousness,Option A increases High Conscientiousness score. Option B increases Low Conscientiousness score.,AI dynamically tracks behavioral tendencies and adaptive personality patterns for Big Five.
Would You Rather… rely on intuition OR rely on hard data,Big Five,Conscientiousness,High Conscientiousness,Low Conscientiousness,Option A increases High Conscientiousness score. Option B increases Low Conscientiousness score.,AI dynamically tracks behavioral tendencies and adaptive personality patterns for Big Five.
Would You Rather… inspire millions OR deeply impact a few people during a crisis?,MBTI,Introversion vs Extraversion,Introversion,Extraversion,Option A increases Introversion score. Option B increases Extraversion score.,AI dynamically tracks behavioral tendencies and adaptive personality patterns for MBTI.
Would You Rather… solve global problems OR focus on your own happiness while under pressure?,Enneagram,Achievement vs Authenticity,Achievement,Authenticity,Option A increases Achievement score. Option B increases Authenticity score.,AI dynamically tracks behavioral tendencies and adaptive personality patterns for Enneagram.
Would You Rather… solve global problems OR focus on your own happiness while under pressure?,DISC,Influence vs Compliance,Influence,Compliance,Option A increases Influence score. Option B increases Compliance score.,AI dynamically tracks behavioral tendencies and adaptive personality patterns for DISC.
Would You Rather… be admired for intelligence OR kindness during a crisis?,Love Languages,Touch vs Independence,Physical Touch,Independence,Option A increases Physical Touch score. Option B increases Independence score.,AI dynamically tracks behavioral tendencies and adaptive personality patterns for Love Languages.
Would You Rather… solve global problems OR focus on your own happiness for the next 10 years?,MBTI,Thinking vs Feeling,Thinking,Feeling,Option A increases Thinking score. Option B increases Feeling score.,AI dynamically tracks behavioral tendencies and adaptive personality patterns for MBTI.
Would You Rather… build a billion-dollar company OR live a peaceful simple life in front of millions of people?,Big Five,Neuroticism,Emotional Reactivity,Emotional Stability,Option A increases Emotional Reactivity score. Option B increases Emotional Stability score.,AI dynamically tracks behavioral tendencies and adaptive personality patterns for Big Five.
Would You Rather… always tell the truth OR always avoid hurting feelings in front of millions of people?,DISC,Influence vs Compliance,Influence,Compliance,Option A increases Influence score. Option B increases Compliance score.,AI dynamically tracks behavioral tendencies and adaptive personality patterns for DISC.
Would You Rather… be emotionally vulnerable OR emotionally resilient if money didn't matter?,Enneagram,Achievement vs Authenticity,Achievement,Authenticity,Option A increases Achievement score. Option B increases Authenticity score.,AI dynamically tracks behavioral tendencies and adaptive personality patterns for Enneagram.
Would You Rather… rely on intuition OR rely on hard data for the next 10 years?,Big Five,Openness,High Openness,Low Openness,Option A increases High Openness score. Option B increases Low Openness score.,AI dynamically tracks behavioral tendencies and adaptive personality patterns for Big Five.
Would You Rather… lead a movement OR quietly support one in front of millions of people?,DISC,Dominance vs Steadiness,Dominance,Steadiness,Option A increases Dominance score. Option B increases Steadiness score.,AI dynamically tracks behavioral tendencies and adaptive personality patterns for DISC.
Would You Rather… constantly reinvent yourself OR stay true to tradition for the next 10 years?,DISC,Dominance vs Steadiness,Dominance,Steadiness,Option A increases Dominance score. Option B increases Steadiness score.,AI dynamically tracks behavioral tendencies and adaptive personality patterns for DISC.
Would You Rather… become famous online OR respected privately by experts during a crisis?,DISC,Influence vs Compliance,Influence,Compliance,Option A increases Influence score. Option B increases Compliance score.,AI dynamically tracks behavioral tendencies and adaptive personality patterns for DISC.
Would You Rather… have endless creativity OR perfect discipline in front of millions of people?,Big Five,Agreeableness,High Agreeableness,Low Agreeableness,Option A increases High Agreeableness score. Option B increases Low Agreeableness score.,AI dynamically tracks behavioral tendencies and adaptive personality patterns for Big Five.
Would You Rather… explore outer space OR explore the deep ocean for the next 10 years?,MBTI,Judging vs Perceiving,Judging,Perceiving,Option A increases Judging score. Option B increases Perceiving score.,AI dynamically tracks behavioral tendencies and adaptive personality patterns for MBTI.
Would You Rather… work 4 intense hours OR 12 calm hours every single day?,MBTI,Judging vs Perceiving,Judging,Perceiving,Option A increases Judging score. Option B increases Perceiving score.,AI dynamically tracks behavioral tendencies and adaptive personality patterns for MBTI.
Would You Rather… solve global problems OR focus on your own happiness every single day?,Big Five,Agreeableness,High Agreeableness,Low Agreeableness,Option A increases High Agreeableness score. Option B increases Low Agreeableness score.,AI dynamically tracks behavioral tendencies and adaptive personality patterns for Big Five.
Would You Rather… rely on intuition OR rely on hard data,Enneagram,Security vs Adventure,Security,Adventure,Option A increases Security score. Option B increases Adventure score.,AI dynamically tracks behavioral tendencies and adaptive personality patterns for Enneagram.
Would You Rather… lead a movement OR quietly support one in front of millions of people?,DISC,Dominance vs Steadiness,Dominance,Steadiness,Option A increases Dominance score. Option B increases Steadiness score.,AI dynamically tracks behavioral tendencies and adaptive personality patterns for DISC.
Would You Rather… take huge risks for success OR play life safely every single day?,DISC,Dominance vs Steadiness,Dominance,Steadiness,Option A increases Dominance score. Option B increases Steadiness score.,AI dynamically tracks behavioral tendencies and adaptive personality patterns for DISC.
Would You Rather… live in a futuristic smart city OR isolated in nature,Big Five,Neuroticism,Emotional Reactivity,Emotional Stability,Option A increases Emotional Reactivity score. Option B increases Emotional Stability score.,AI dynamically tracks behavioral tendencies and adaptive personality patterns for Big Five.
Would You Rather… lead a movement OR quietly support one in front of millions of people?,DISC,Dominance vs Steadiness,Dominance,Steadiness,Option A increases Dominance score. Option B increases Steadiness score.,AI dynamically tracks behavioral tendencies and adaptive personality patterns for DISC.
Would You Rather… lead a movement OR quietly support one for the next 10 years?,Love Languages,Touch vs Independence,Physical Touch,Independence,Option A increases Physical Touch score. Option B increases Independence score.,AI dynamically tracks behavioral tendencies and adaptive personality patterns for Love Languages.
Would You Rather… lead a movement OR quietly support one,MBTI,Introversion vs Extraversion,Introversion,Extraversion,Option A increases Introversion score. Option B increases Extraversion score.,AI dynamically tracks behavioral tendencies and adaptive personality patterns for MBTI.
Would You Rather… be emotionally vulnerable OR emotionally resilient if money didn't matter?,DISC,Dominance vs Steadiness,Dominance,Steadiness,Option A increases Dominance score. Option B increases Steadiness score.,AI dynamically tracks behavioral tendencies and adaptive personality patterns for DISC.
Would You Rather… rely on intuition OR rely on hard data during a crisis?,Big Five,Neuroticism,Emotional Reactivity,Emotional Stability,Option A increases Emotional Reactivity score. Option B increases Emotional Stability score.,AI dynamically tracks behavioral tendencies and adaptive personality patterns for Big Five.
Would You Rather… live without social media OR without streaming entertainment during a crisis?,MBTI,Intuition vs Sensing,Intuition,Sensing,Option A increases Intuition score. Option B increases Sensing score.,AI dynamically tracks behavioral tendencies and adaptive personality patterns for MBTI.
Would You Rather… lead a movement OR quietly support one every single day?,Love Languages,Touch vs Independence,Physical Touch,Independence,Option A increases Physical Touch score. Option B increases Independence score.,AI dynamically tracks behavioral tendencies and adaptive personality patterns for Love Languages.
Would You Rather… lead a movement OR quietly support one for the next 10 years?,MBTI,Intuition vs Sensing,Intuition,Sensing,Option A increases Intuition score. Option B increases Sensing score.,AI dynamically tracks behavioral tendencies and adaptive personality patterns for MBTI.
Would You Rather… take huge risks for success OR play life safely during a crisis?,Big Five,Openness,High Openness,Low Openness,Option A increases High Openness score. Option B increases Low Openness score.,AI dynamically tracks behavioral tendencies and adaptive personality patterns for Big Five.
Would You Rather… rely on intuition OR rely on hard data for the next 10 years?,MBTI,Intuition vs Sensing,Intuition,Sensing,Option A increases Intuition score. Option B increases Sensing score.,AI dynamically tracks behavioral tendencies and adaptive personality patterns for MBTI.
Would You Rather… lead a movement OR quietly support one while under pressure?,MBTI,Thinking vs Feeling,Thinking,Feeling,Option A increases Thinking score. Option B increases Feeling score.,AI dynamically tracks behavioral tendencies and adaptive personality patterns for MBTI.
Would You Rather… focus on self-growth OR helping others grow every single day?,Big Five,Openness,High Openness,Low Openness,Option A increases High Openness score. Option B increases Low Openness score.,AI dynamically tracks behavioral tendencies and adaptive personality patterns for Big Five.
Would You Rather… live without social media OR without streaming entertainment during a crisis?,Big Five,Neuroticism,Emotional Reactivity,Emotional Stability,Option A increases Emotional Reactivity score. Option B increases Emotional Stability score.,AI dynamically tracks behavioral tendencies and adaptive personality patterns for Big Five.
Would You Rather… work 4 intense hours OR 12 calm hours during a crisis?,Big Five,Neuroticism,Emotional Reactivity,Emotional Stability,Option A increases Emotional Reactivity score. Option B increases Emotional Stability score.,AI dynamically tracks behavioral tendencies and adaptive personality patterns for Big Five.
Would You Rather… become a genius inventor OR an elite communicator during a crisis?,MBTI,Introversion vs Extraversion,Introversion,Extraversion,Option A increases Introversion score. Option B increases Extraversion score.,AI dynamically tracks behavioral tendencies and adaptive personality patterns for MBTI.
Would You Rather… become famous online OR respected privately by experts during a crisis?,Enneagram,Security vs Adventure,Security,Adventure,Option A increases Security score. Option B increases Adventure score.,AI dynamically tracks behavioral tendencies and adaptive personality patterns for Enneagram.
Would You Rather… take huge risks for success OR play life safely during a crisis?,MBTI,Intuition vs Sensing,Intuition,Sensing,Option A increases Intuition score. Option B increases Sensing score.,AI dynamically tracks behavioral tendencies and adaptive personality patterns for MBTI.
Would You Rather… live without social media OR without streaming entertainment in front of millions of people?,Big Five,Conscientiousness,High Conscientiousness,Low Conscientiousness,Option A increases High Conscientiousness score. Option B increases Low Conscientiousness score.,AI dynamically tracks behavioral tendencies and adaptive personality patterns for Big Five.
Would You Rather… rely on intuition OR rely on hard data in front of millions of people?,Big Five,Neuroticism,Emotional Reactivity,Emotional Stability,Option A increases Emotional Reactivity score. Option B increases Emotional Stability score.,AI dynamically tracks behavioral tendencies and adaptive personality patterns for Big Five.
Would You Rather… live in a futuristic smart city OR isolated in nature if money didn't matter?,DISC,Influence vs Compliance,Influence,Compliance,Option A increases Influence score. Option B increases Compliance score.,AI dynamically tracks behavioral tendencies and adaptive personality patterns for DISC.
Would You Rather… be emotionally vulnerable OR emotionally resilient if money didn't matter?,Big Five,Agreeableness,High Agreeableness,Low Agreeableness,Option A increases High Agreeableness score. Option B increases Low Agreeableness score.,AI dynamically tracks behavioral tendencies and adaptive personality patterns for Big Five.
Would You Rather… build a billion-dollar company OR live a peaceful simple life if money didn't matter?,Love Languages,Time vs Gifts,Quality Time,Receiving Gifts,Option A increases Quality Time score. Option B increases Receiving Gifts score.,AI dynamically tracks behavioral tendencies and adaptive personality patterns for Love Languages.
Would You Rather… work 4 intense hours OR 12 calm hours in front of millions of people?,DISC,Dominance vs Steadiness,Dominance,Steadiness,Option A increases Dominance score. Option B increases Steadiness score.,AI dynamically tracks behavioral tendencies and adaptive personality patterns for DISC.
Would You Rather… build a billion-dollar company OR live a peaceful simple life every single day?,Love Languages,Touch vs Independence,Physical Touch,Independence,Option A increases Physical Touch score. Option B increases Independence score.,AI dynamically tracks behavioral tendencies and adaptive personality patterns for Love Languages.
Would You Rather… explore outer space OR explore the deep ocean during a crisis?,Enneagram,Achievement vs Authenticity,Achievement,Authenticity,Option A increases Achievement score. Option B increases Authenticity score.,AI dynamically tracks behavioral tendencies and adaptive personality patterns for Enneagram.
Would You Rather… build a billion-dollar company OR live a peaceful simple life while under pressure?,Big Five,Openness,High Openness,Low Openness,Option A increases High Openness score. Option B increases Low Openness score.,AI dynamically tracks behavioral tendencies and adaptive personality patterns for Big Five.
Would You Rather… always tell the truth OR always avoid hurting feelings during a crisis?,MBTI,Introversion vs Extraversion,Introversion,Extraversion,Option A increases Introversion score. Option B increases Extraversion score.,AI dynamically tracks behavioral tendencies and adaptive personality patterns for MBTI.
Would You Rather… work 4 intense hours OR 12 calm hours for the next 10 years?,MBTI,Introversion vs Extraversion,Introversion,Extraversion,Option A increases Introversion score. Option B increases Extraversion score.,AI dynamically tracks behavioral tendencies and adaptive personality patterns for MBTI.
Would You Rather… live in a futuristic smart city OR isolated in nature in front of millions of people?,MBTI,Thinking vs Feeling,Thinking,Feeling,Option A increases Thinking score. Option B increases Feeling score.,AI dynamically tracks behavioral tendencies and adaptive personality patterns for MBTI.
Would You Rather… explore outer space OR explore the deep ocean in front of millions of people?,DISC,Influence vs Compliance,Influence,Compliance,Option A increases Influence score. Option B increases Compliance score.,AI dynamically tracks behavioral tendencies and adaptive personality patterns for DISC.
Would You Rather… always tell the truth OR always avoid hurting feelings,Love Languages,Touch vs Independence,Physical Touch,Independence,Option A increases Physical Touch score. Option B increases Independence score.,AI dynamically tracks behavioral tendencies and adaptive personality patterns for Love Languages.
Would You Rather… build a billion-dollar company OR live a peaceful simple life in front of millions of people?,DISC,Dominance vs Steadiness,Dominance,Steadiness,Option A increases Dominance score. Option B increases Steadiness score.,AI dynamically tracks behavioral tendencies and adaptive personality patterns for DISC.
Would You Rather… become a genius inventor OR an elite communicator during a crisis?,MBTI,Thinking vs Feeling,Thinking,Feeling,Option A increases Thinking score. Option B increases Feeling score.,AI dynamically tracks behavioral tendencies and adaptive personality patterns for MBTI.
Would You Rather… have endless creativity OR perfect discipline if money didn't matter?,DISC,Dominance vs Steadiness,Dominance,Steadiness,Option A increases Dominance score. Option B increases Steadiness score.,AI dynamically tracks behavioral tendencies and adaptive personality patterns for DISC.
Would You Rather… live without social media OR without streaming entertainment if money didn't matter?,Big Five,Openness,High Openness,Low Openness,Option A increases High Openness score. Option B increases Low Openness score.,AI dynamically tracks behavioral tendencies and adaptive personality patterns for Big Five.
Would You Rather… have endless creativity OR perfect discipline,Big Five,Neuroticism,Emotional Reactivity,Emotional Stability,Option A increases Emotional Reactivity score. Option B increases Emotional Stability score.,AI dynamically tracks behavioral tendencies and adaptive personality patterns for Big Five.
Would You Rather… travel constantly OR build roots in one place while under pressure?,Love Languages,Touch vs Independence,Physical Touch,Independence,Option A increases Physical Touch score. Option B increases Independence score.,AI dynamically tracks behavioral tendencies and adaptive personality patterns for Love Languages.
Would You Rather… take huge risks for success OR play life safely during a crisis?,Enneagram,Security vs Adventure,Security,Adventure,Option A increases Security score. Option B increases Adventure score.,AI dynamically tracks behavioral tendencies and adaptive personality patterns for Enneagram.
Would You Rather… build a billion-dollar company OR live a peaceful simple life while under pressure?,Big Five,Agreeableness,High Agreeableness,Low Agreeableness,Option A increases High Agreeableness score. Option B increases Low Agreeableness score.,AI dynamically tracks behavioral tendencies and adaptive personality patterns for Big Five.
Would You Rather… live without social media OR without streaming entertainment during a crisis?,MBTI,Thinking vs Feeling,Thinking,Feeling,Option A increases Thinking score. Option B increases Feeling score.,AI dynamically tracks behavioral tendencies and adaptive personality patterns for MBTI.
Would You Rather… inspire millions OR deeply impact a few people if money didn't matter?,Big Five,Neuroticism,Emotional Reactivity,Emotional Stability,Option A increases Emotional Reactivity score. Option B increases Emotional Stability score.,AI dynamically tracks behavioral tendencies and adaptive personality patterns for Big Five.
Would You Rather… live in a futuristic smart city OR isolated in nature every single day?,Big Five,Agreeableness,High Agreeableness,Low Agreeableness,Option A increases High Agreeableness score. Option B increases Low Agreeableness score.,AI dynamically tracks behavioral tendencies and adaptive personality patterns for Big Five.
Would You Rather… have endless creativity OR perfect discipline in front of millions of people?,Enneagram,Achievement vs Authenticity,Achievement,Authenticity,Option A increases Achievement score. Option B increases Authenticity score.,AI dynamically tracks behavioral tendencies and adaptive personality patterns for Enneagram.
Would You Rather… live without social media OR without streaming entertainment in front of millions of people?,Big Five,Openness,High Openness,Low Openness,Option A increases High Openness score. Option B increases Low Openness score.,AI dynamically tracks behavioral tendencies and adaptive personality patterns for Big Five.
Would You Rather… work 4 intense hours OR 12 calm hours in front of millions of people?,Enneagram,Security vs Adventure,Security,Adventure,Option A increases Security score. Option B increases Adventure score.,AI dynamically tracks behavioral tendencies and adaptive personality patterns for Enneagram.
Would You Rather… always tell the truth OR always avoid hurting feelings for the next 10 years?,Big Five,Openness,High Openness,Low Openness,Option A increases High Openness score. Option B increases Low Openness score.,AI dynamically tracks behavioral tendencies and adaptive personality patterns for Big Five.
Would You Rather… always tell the truth OR always avoid hurting feelings in front of millions of people?,Love Languages,Touch vs Independence,Physical Touch,Independence,Option A increases Physical Touch score. Option B increases Independence score.,AI dynamically tracks behavioral tendencies and adaptive personality patterns for Love Languages.
Would You Rather… know everyone likes you OR know everyone respects you if money didn't matter?,MBTI,Thinking vs Feeling,Thinking,Feeling,Option A increases Thinking score. Option B increases Feeling score.,AI dynamically tracks behavioral tendencies and adaptive personality patterns for MBTI.
Would You Rather… work 4 intense hours OR 12 calm hours every single day?,Enneagram,Security vs Adventure,Security,Adventure,Option A increases Security score. Option B increases Adventure score.,AI dynamically tracks behavioral tendencies and adaptive personality patterns for Enneagram.
Would You Rather… be admired for intelligence OR kindness in front of millions of people?,Love Languages,Time vs Gifts,Quality Time,Receiving Gifts,Option A increases Quality Time score. Option B increases Receiving Gifts score.,AI dynamically tracks behavioral tendencies and adaptive personality patterns for Love Languages.
Would You Rather… always tell the truth OR always avoid hurting feelings for the next 10 years?,Big Five,Conscientiousness,High Conscientiousness,Low Conscientiousness,Option A increases High Conscientiousness score. Option B increases Low Conscientiousness score.,AI dynamically tracks behavioral tendencies and adaptive personality patterns for Big Five.
Would You Rather… be emotionally vulnerable OR emotionally resilient in front of millions of people?,MBTI,Introversion vs Extraversion,Introversion,Extraversion,Option A increases Introversion score. Option B increases Extraversion score.,AI dynamically tracks behavioral tendencies and adaptive personality patterns for MBTI.
Would You Rather… inspire millions OR deeply impact a few people,DISC,Dominance vs Steadiness,Dominance,Steadiness,Option A increases Dominance score. Option B increases Steadiness score.,AI dynamically tracks behavioral tendencies and adaptive personality patterns for DISC.
Would You Rather… have endless creativity OR perfect discipline while under pressure?,MBTI,Introversion vs Extraversion,Introversion,Extraversion,Option A increases Introversion score. Option B increases Extraversion score.,AI dynamically tracks behavioral tendencies and adaptive personality patterns for MBTI.
Would You Rather… live without social media OR without streaming entertainment while under pressure?,DISC,Dominance vs Steadiness,Dominance,Steadiness,Option A increases Dominance score. Option B increases Steadiness score.,AI dynamically tracks behavioral tendencies and adaptive personality patterns for DISC.
Would You Rather… be admired for intelligence OR kindness,Big Five,Neuroticism,Emotional Reactivity,Emotional Stability,Option A increases Emotional Reactivity score. Option B increases Emotional Stability score.,AI dynamically tracks behavioral tendencies and adaptive personality patterns for Big Five.
Would You Rather… inspire millions OR deeply impact a few people every single day?,DISC,Influence vs Compliance,Influence,Compliance,Option A increases Influence score. Option B increases Compliance score.,AI dynamically tracks behavioral tendencies and adaptive personality patterns for DISC.
Would You Rather… travel constantly OR build roots in one place for the next 10 years?,DISC,Influence vs Compliance,Influence,Compliance,Option A increases Influence score. Option B increases Compliance score.,AI dynamically tracks behavioral tendencies and adaptive personality patterns for DISC.
Would You Rather… become a genius inventor OR an elite communicator while under pressure?,MBTI,Thinking vs Feeling,Thinking,Feeling,Option A increases Thinking score. Option B increases Feeling score.,AI dynamically tracks behavioral tendencies and adaptive personality patterns for MBTI.
Would You Rather… solve global problems OR focus on your own happiness in front of millions of people?,DISC,Dominance vs Steadiness,Dominance,Steadiness,Option A increases Dominance score. Option B increases Steadiness score.,AI dynamically tracks behavioral tendencies and adaptive personality patterns for DISC.
Would You Rather… inspire millions OR deeply impact a few people,Big Five,Conscientiousness,High Conscientiousness,Low Conscientiousness,Option A increases High Conscientiousness score. Option B increases Low Conscientiousness score.,AI dynamically tracks behavioral tendencies and adaptive personality patterns for Big Five.
Would You Rather… explore outer space OR explore the deep ocean in front of millions of people?,Enneagram,Achievement vs Authenticity,Achievement,Authenticity,Option A increases Achievement score. Option B increases Authenticity score.,AI dynamically tracks behavioral tendencies and adaptive personality patterns for Enneagram.
Would You Rather… know everyone likes you OR know everyone respects you every single day?,MBTI,Judging vs Perceiving,Judging,Perceiving,Option A increases Judging score. Option B increases Perceiving score.,AI dynamically tracks behavioral tendencies and adaptive personality patterns for MBTI.
Would You Rather… live in a futuristic smart city OR isolated in nature,Love Languages,Time vs Gifts,Quality Time,Receiving Gifts,Option A increases Quality Time score. Option B increases Receiving Gifts score.,AI dynamically tracks behavioral tendencies and adaptive personality patterns for Love Languages.
Would You Rather… have endless creativity OR perfect discipline every single day?,MBTI,Thinking vs Feeling,Thinking,Feeling,Option A increases Thinking score. Option B increases Feeling score.,AI dynamically tracks behavioral tendencies and adaptive personality patterns for MBTI.
Would You Rather… focus on self-growth OR helping others grow,MBTI,Introversion vs Extraversion,Introversion,Extraversion,Option A increases Introversion score. Option B increases Extraversion score.,AI dynamically tracks behavioral tendencies and adaptive personality patterns for MBTI.
Would You Rather… always tell the truth OR always avoid hurting feelings while under pressure?,Big Five,Openness,High Openness,Low Openness,Option A increases High Openness score. Option B increases Low Openness score.,AI dynamically tracks behavioral tendencies and adaptive personality patterns for Big Five.
Would You Rather… be admired for intelligence OR kindness every single day?,MBTI,Thinking vs Feeling,Thinking,Feeling,Option A increases Thinking score. Option B increases Feeling score.,AI dynamically tracks behavioral tendencies and adaptive personality patterns for MBTI.
Would You Rather… become famous online OR respected privately by experts for the next 10 years?,MBTI,Intuition vs Sensing,Intuition,Sensing,Option A increases Intuition score. Option B increases Sensing score.,AI dynamically tracks behavioral tendencies and adaptive personality patterns for MBTI.
Would You Rather… know everyone likes you OR know everyone respects you while under pressure?,DISC,Dominance vs Steadiness,Dominance,Steadiness,Option A increases Dominance score. Option B increases Steadiness score.,AI dynamically tracks behavioral tendencies and adaptive personality patterns for DISC.
Would You Rather… inspire millions OR deeply impact a few people,MBTI,Judging vs Perceiving,Judging,Perceiving,Option A increases Judging score. Option B increases Perceiving score.,AI dynamically tracks behavioral tendencies and adaptive personality patterns for MBTI.
Would You Rather… know everyone likes you OR know everyone respects you,Love Languages,Time vs Gifts,Quality Time,Receiving Gifts,Option A increases Quality Time score. Option B increases Receiving Gifts score.,AI dynamically tracks behavioral tendencies and adaptive personality patterns for Love Languages.
Would You Rather… build a billion-dollar company OR live a peaceful simple life every single day?,MBTI,Thinking vs Feeling,Thinking,Feeling,Option A increases Thinking score. Option B increases Feeling score.,AI dynamically tracks behavioral tendencies and adaptive personality patterns for MBTI.
Would You Rather… lead a movement OR quietly support one in front of millions of people?,DISC,Influence vs Compliance,Influence,Compliance,Option A increases Influence score. Option B increases Compliance score.,AI dynamically tracks behavioral tendencies and adaptive personality patterns for DISC.
Would You Rather… lead a movement OR quietly support one,Big Five,Agreeableness,High Agreeableness,Low Agreeableness,Option A increases High Agreeableness score. Option B increases Low Agreeableness score.,AI dynamically tracks behavioral tendencies and adaptive personality patterns for Big Five.
Would You Rather… inspire millions OR deeply impact a few people every single day?,MBTI,Thinking vs Feeling,Thinking,Feeling,Option A increases Thinking score. Option B increases Feeling score.,AI dynamically tracks behavioral tendencies and adaptive personality patterns for MBTI.
Would You Rather… live without social media OR without streaming entertainment during a crisis?,Big Five,Agreeableness,High Agreeableness,Low Agreeableness,Option A increases High Agreeableness score. Option B increases Low Agreeableness score.,AI dynamically tracks behavioral tendencies and adaptive personality patterns for Big Five.
Would You Rather… rely on intuition OR rely on hard data if money didn't matter?,MBTI,Intuition vs Sensing,Intuition,Sensing,Option A increases Intuition score. Option B increases Sensing score.,AI dynamically tracks behavioral tendencies and adaptive personality patterns for MBTI.
Would You Rather… know everyone likes you OR know everyone respects you,Big Five,Neuroticism,Emotional Reactivity,Emotional Stability,Option A increases Emotional Reactivity score. Option B increases Emotional Stability score.,AI dynamically tracks behavioral tendencies and adaptive personality patterns for Big Five.
Would You Rather… inspire millions OR deeply impact a few people every single day?,MBTI,Introversion vs Extraversion,Introversion,Extraversion,Option A increases Introversion score. Option B increases Extraversion score.,AI dynamically tracks behavioral tendencies and adaptive personality patterns for MBTI.
Would You Rather… know everyone likes you OR know everyone respects you while under pressure?,Big Five,Conscientiousness,High Conscientiousness,Low Conscientiousness,Option A increases High Conscientiousness score. Option B increases Low Conscientiousness score.,AI dynamically tracks behavioral tendencies and adaptive personality patterns for Big Five.
Would You Rather… live in a futuristic smart city OR isolated in nature during a crisis?,Enneagram,Achievement vs Authenticity,Achievement,Authenticity,Option A increases Achievement score. Option B increases Authenticity score.,AI dynamically tracks behavioral tendencies and adaptive personality patterns for Enneagram.
Would You Rather… have endless creativity OR perfect discipline if money didn't matter?,MBTI,Intuition vs Sensing,Intuition,Sensing,Option A increases Intuition score. Option B increases Sensing score.,AI dynamically tracks behavioral tendencies and adaptive personality patterns for MBTI.
Would You Rather… work 4 intense hours OR 12 calm hours,Love Languages,Time vs Gifts,Quality Time,Receiving Gifts,Option A increases Quality Time score. Option B increases Receiving Gifts score.,AI dynamically tracks behavioral tendencies and adaptive personality patterns for Love Languages.
Would You Rather… know everyone likes you OR know everyone respects you every single day?,MBTI,Intuition vs Sensing,Intuition,Sensing,Option A increases Intuition score. Option B increases Sensing score.,AI dynamically tracks behavioral tendencies and adaptive personality patterns for MBTI.
Would You Rather… rely on intuition OR rely on hard data in front of millions of people?,DISC,Dominance vs Steadiness,Dominance,Steadiness,Option A increases Dominance score. Option B increases Steadiness score.,AI dynamically tracks behavioral tendencies and adaptive personality patterns for DISC.
Would You Rather… solve global problems OR focus on your own happiness every single day?,Big Five,Openness,High Openness,Low Openness,Option A increases High Openness score. Option B increases Low Openness score.,AI dynamically tracks behavioral tendencies and adaptive personality patterns for Big Five.
Would You Rather… always tell the truth OR always avoid hurting feelings,MBTI,Introversion vs Extraversion,Introversion,Extraversion,Option A increases Introversion score. Option B increases Extraversion score.,AI dynamically tracks behavioral tendencies and adaptive personality patterns for MBTI.
Would You Rather… solve global problems OR focus on your own happiness in front of millions of people?,Enneagram,Security vs Adventure,Security,Adventure,Option A increases Security score. Option B increases Adventure score.,AI dynamically tracks behavioral tendencies and adaptive personality patterns for Enneagram.
Would You Rather… explore outer space OR explore the deep ocean while under pressure?,Enneagram,Security vs Adventure,Security,Adventure,Option A increases Security score. Option B increases Adventure score.,AI dynamically tracks behavioral tendencies and adaptive personality patterns for Enneagram.
Would You Rather… take huge risks for success OR play life safely while under pressure?,Love Languages,Time vs Gifts,Quality Time,Receiving Gifts,Option A increases Quality Time score. Option B increases Receiving Gifts score.,AI dynamically tracks behavioral tendencies and adaptive personality patterns for Love Languages.
Would You Rather… become a genius inventor OR an elite communicator in front of millions of people?,Big Five,Agreeableness,High Agreeableness,Low Agreeableness,Option A increases High Agreeableness score. Option B increases Low Agreeableness score.,AI dynamically tracks behavioral tendencies and adaptive personality patterns for Big Five.
Would You Rather… have endless creativity OR perfect discipline for the next 10 years?,DISC,Influence vs Compliance,Influence,Compliance,Option A increases Influence score. Option B increases Compliance score.,AI dynamically tracks behavioral tendencies and adaptive personality patterns for DISC.
Would You Rather… solve global problems OR focus on your own happiness if money didn't matter?,Big Five,Conscientiousness,High Conscientiousness,Low Conscientiousness,Option A increases High Conscientiousness score. Option B increases Low Conscientiousness score.,AI dynamically tracks behavioral tendencies and adaptive personality patterns for Big Five.
Would You Rather… rely on intuition OR rely on hard data if money didn't matter?,MBTI,Intuition vs Sensing,Intuition,Sensing,Option A increases Intuition score. Option B increases Sensing score.,AI dynamically tracks behavioral tendencies and adaptive personality patterns for MBTI.
Would You Rather… have endless creativity OR perfect discipline every single day?,DISC,Influence vs Compliance,Influence,Compliance,Option A increases Influence score. Option B increases Compliance score.,AI dynamically tracks behavioral tendencies and adaptive personality patterns for DISC.
Would You Rather… travel constantly OR build roots in one place,Big Five,Agreeableness,High Agreeableness,Low Agreeableness,Option A increases High Agreeableness score. Option B increases Low Agreeableness score.,AI dynamically tracks behavioral tendencies and adaptive personality patterns for Big Five.
Would You Rather… focus on self-growth OR helping others grow for the next 10 years?,Big Five,Openness,High Openness,Low Openness,Option A increases High Openness score. Option B increases Low Openness score.,AI dynamically tracks behavioral tendencies and adaptive personality patterns for Big Five.
Would You Rather… become famous online OR respected privately by experts,MBTI,Judging vs Perceiving,Judging,Perceiving,Option A increases Judging score. Option B increases Perceiving score.,AI dynamically tracks behavioral tendencies and adaptive personality patterns for MBTI.
Would You Rather… lead a movement OR quietly support one during a crisis?,MBTI,Judging vs Perceiving,Judging,Perceiving,Option A increases Judging score. Option B increases Perceiving score.,AI dynamically tracks behavioral tendencies and adaptive personality patterns for MBTI.
Would You Rather… constantly reinvent yourself OR stay true to tradition,Big Five,Openness,High Openness,Low Openness,Option A increases High Openness score. Option B increases Low Openness score.,AI dynamically tracks behavioral tendencies and adaptive personality patterns for Big Five.
Would You Rather… inspire millions OR deeply impact a few people every single day?,Big Five,Neuroticism,Emotional Reactivity,Emotional Stability,Option A increases Emotional Reactivity score. Option B increases Emotional Stability score.,AI dynamically tracks behavioral tendencies and adaptive personality patterns for Big Five.
Would You Rather… constantly reinvent yourself OR stay true to tradition in front of millions of people?,MBTI,Thinking vs Feeling,Thinking,Feeling,Option A increases Thinking score. Option B increases Feeling score.,AI dynamically tracks behavioral tendencies and adaptive personality patterns for MBTI.
Would You Rather… focus on self-growth OR helping others grow while under pressure?,Love Languages,Time vs Gifts,Quality Time,Receiving Gifts,Option A increases Quality Time score. Option B increases Receiving Gifts score.,AI dynamically tracks behavioral tendencies and adaptive personality patterns for Love Languages.
Would You Rather… have endless creativity OR perfect discipline if money didn't matter?,Enneagram,Achievement vs Authenticity,Achievement,Authenticity,Option A increases Achievement score. Option B increases Authenticity score.,AI dynamically tracks behavioral tendencies and adaptive personality patterns for Enneagram.
Would You Rather… work 4 intense hours OR 12 calm hours every single day?,DISC,Dominance vs Steadiness,Dominance,Steadiness,Option A increases Dominance score. Option B increases Steadiness score.,AI dynamically tracks behavioral tendencies and adaptive personality patterns for DISC.
Would You Rather… constantly reinvent yourself OR stay true to tradition if money didn't matter?,Love Languages,Time vs Gifts,Quality Time,Receiving Gifts,Option A increases Quality Time score. Option B increases Receiving Gifts score.,AI dynamically tracks behavioral tendencies and adaptive personality patterns for Love Languages.
Would You Rather… lead a movement OR quietly support one if money didn't matter?,MBTI,Thinking vs Feeling,Thinking,Feeling,Option A increases Thinking score. Option B increases Feeling score.,AI dynamically tracks behavioral tendencies and adaptive personality patterns for MBTI.
Would You Rather… work 4 intense hours OR 12 calm hours,DISC,Influence vs Compliance,Influence,Compliance,Option A increases Influence score. Option B increases Compliance score.,AI dynamically tracks behavioral tendencies and adaptive personality patterns for DISC.
Would You Rather… be emotionally vulnerable OR emotionally resilient for the next 10 years?,Enneagram,Security vs Adventure,Security,Adventure,Option A increases Security score. Option B increases Adventure score.,AI dynamically tracks behavioral tendencies and adaptive personality patterns for Enneagram.
Would You Rather… constantly reinvent yourself OR stay true to tradition in front of millions of people?,Big Five,Conscientiousness,High Conscientiousness,Low Conscientiousness,Option A increases High Conscientiousness score. Option B increases Low Conscientiousness score.,AI dynamically tracks behavioral tendencies and adaptive personality patterns for Big Five.
Would You Rather… know everyone likes you OR know everyone respects you during a crisis?,Big Five,Openness,High Openness,Low Openness,Option A increases High Openness score. Option B increases Low Openness score.,AI dynamically tracks behavioral tendencies and adaptive personality patterns for Big Five.
Would You Rather… work 4 intense hours OR 12 calm hours during a crisis?,Love Languages,Touch vs Independence,Physical Touch,Independence,Option A increases Physical Touch score. Option B increases Independence score.,AI dynamically tracks behavioral tendencies and adaptive personality patterns for Love Languages.
Would You Rather… travel constantly OR build roots in one place in front of millions of people?,Love Languages,Touch vs Independence,Physical Touch,Independence,Option A increases Physical Touch score. Option B increases Independence score.,AI dynamically tracks behavioral tendencies and adaptive personality patterns for Love Languages.
Would You Rather… build a billion-dollar company OR live a peaceful simple life during a crisis?,MBTI,Intuition vs Sensing,Intuition,Sensing,Option A increases Intuition score. Option B increases Sensing score.,AI dynamically tracks behavioral tendencies and adaptive personality patterns for MBTI.
Would You Rather… build a billion-dollar company OR live a peaceful simple life while under pressure?,Big Five,Conscientiousness,High Conscientiousness,Low Conscientiousness,Option A increases High Conscientiousness score. Option B increases Low Conscientiousness score.,AI dynamically tracks behavioral tendencies and adaptive personality patterns for Big Five.
Would You Rather… know everyone likes you OR know everyone respects you while under pressure?,Big Five,Conscientiousness,High Conscientiousness,Low Conscientiousness,Option A increases High Conscientiousness score. Option B increases Low Conscientiousness score.,AI dynamically tracks behavioral tendencies and adaptive personality patterns for Big Five.
Would You Rather… always tell the truth OR always avoid hurting feelings in front of millions of people?,Love Languages,Time vs Gifts,Quality Time,Receiving Gifts,Option A increases Quality Time score. Option B increases Receiving Gifts score.,AI dynamically tracks behavioral tendencies and adaptive personality patterns for Love Languages.
Would You Rather… rely on intuition OR rely on hard data,Big Five,Agreeableness,High Agreeableness,Low Agreeableness,Option A increases High Agreeableness score. Option B increases Low Agreeableness score.,AI dynamically tracks behavioral tendencies and adaptive personality patterns for Big Five.
Would You Rather… explore outer space OR explore the deep ocean in front of millions of people?,Love Languages,Touch vs Independence,Physical Touch,Independence,Option A increases Physical Touch score. Option B increases Independence score.,AI dynamically tracks behavioral tendencies and adaptive personality patterns for Love Languages.
Would You Rather… travel constantly OR build roots in one place while under pressure?,Love Languages,Touch vs Independence,Physical Touch,Independence,Option A increases Physical Touch score. Option B increases Independence score.,AI dynamically tracks behavioral tendencies and adaptive personality patterns for Love Languages.
Would You Rather… become famous online OR respected privately by experts,Big Five,Openness,High Openness,Low Openness,Option A increases High Openness score. Option B increases Low Openness score.,AI dynamically tracks behavioral tendencies and adaptive personality patterns for Big Five.
Would You Rather… become a genius inventor OR an elite communicator in front of millions of people?,Enneagram,Achievement vs Authenticity,Achievement,Authenticity,Option A increases Achievement score. Option B increases Authenticity score.,AI dynamically tracks behavioral tendencies and adaptive personality patterns for Enneagram.
Would You Rather… be emotionally vulnerable OR emotionally resilient during a crisis?,Big Five,Openness,High Openness,Low Openness,Option A increases High Openness score. Option B increases Low Openness score.,AI dynamically tracks behavioral tendencies and adaptive personality patterns for Big Five.
Would You Rather… explore outer space OR explore the deep ocean during a crisis?,MBTI,Intuition vs Sensing,Intuition,Sensing,Option A increases Intuition score. Option B increases Sensing score.,AI dynamically tracks behavioral tendencies and adaptive personality patterns for MBTI.
Would You Rather… inspire millions OR deeply impact a few people for the next 10 years?,MBTI,Intuition vs Sensing,Intuition,Sensing,Option A increases Intuition score. Option B increases Sensing score.,AI dynamically tracks behavioral tendencies and adaptive personality patterns for MBTI.
Would You Rather… live without social media OR without streaming entertainment for the next 10 years?,Big Five,Agreeableness,High Agreeableness,Low Agreeableness,Option A increases High Agreeableness score. Option B increases Low Agreeableness score.,AI dynamically tracks behavioral tendencies and adaptive personality patterns for Big Five.
Would You Rather… live without social media OR without streaming entertainment for the next 10 years?,Big Five,Openness,High Openness,Low Openness,Option A increases High Openness score. Option B increases Low Openness score.,AI dynamically tracks behavioral tendencies and adaptive personality patterns for Big Five.
Would You Rather… always tell the truth OR always avoid hurting feelings during a crisis?,Enneagram,Achievement vs Authenticity,Achievement,Authenticity,Option A increases Achievement score. Option B increases Authenticity score.,AI dynamically tracks behavioral tendencies and adaptive personality patterns for Enneagram.
Would You Rather… become famous online OR respected privately by experts,Big Five,Conscientiousness,High Conscientiousness,Low Conscientiousness,Option A increases High Conscientiousness score. Option B increases Low Conscientiousness score.,AI dynamically tracks behavioral tendencies and adaptive personality patterns for Big Five.
Would You Rather… explore outer space OR explore the deep ocean every single day?,MBTI,Introversion vs Extraversion,Introversion,Extraversion,Option A increases Introversion score. Option B increases Extraversion score.,AI dynamically tracks behavioral tendencies and adaptive personality patterns for MBTI.
Would You Rather… rely on intuition OR rely on hard data if money didn't matter?,Enneagram,Achievement vs Authenticity,Achievement,Authenticity,Option A increases Achievement score. Option B increases Authenticity score.,AI dynamically tracks behavioral tendencies and adaptive personality patterns for Enneagram.
Would You Rather… solve global problems OR focus on your own happiness while under pressure?,Love Languages,Time vs Gifts,Quality Time,Receiving Gifts,Option A increases Quality Time score. Option B increases Receiving Gifts score.,AI dynamically tracks behavioral tendencies and adaptive personality patterns for Love Languages.
Would You Rather… always tell the truth OR always avoid hurting feelings while under pressure?,Big Five,Conscientiousness,High Conscientiousness,Low Conscientiousness,Option A increases High Conscientiousness score. Option B increases Low Conscientiousness score.,AI dynamically tracks behavioral tendencies and adaptive personality patterns for Big Five.
Would You Rather… become a genius inventor OR an elite communicator,Love Languages,Time vs Gifts,Quality Time,Receiving Gifts,Option A increases Quality Time score. Option B increases Receiving Gifts score.,AI dynamically tracks behavioral tendencies and adaptive personality patterns for Love Languages.
Would You Rather… lead a movement OR quietly support one if money didn't matter?,MBTI,Judging vs Perceiving,Judging,Perceiving,Option A increases Judging score. Option B increases Perceiving score.,AI dynamically tracks behavioral tendencies and adaptive personality patterns for MBTI.
Would You Rather… be emotionally vulnerable OR emotionally resilient in front of millions of people?,Enneagram,Achievement vs Authenticity,Achievement,Authenticity,Option A increases Achievement score. Option B increases Authenticity score.,AI dynamically tracks behavioral tendencies and adaptive personality patterns for Enneagram.
Would You Rather… solve global problems OR focus on your own happiness if money didn't matter?,Big Five,Agreeableness,High Agreeableness,Low Agreeableness,Option A increases High Agreeableness score. Option B increases Low Agreeableness score.,AI dynamically tracks behavioral tendencies and adaptive personality patterns for Big Five.
Would You Rather… live without social media OR without streaming entertainment while under pressure?,Enneagram,Achievement vs Authenticity,Achievement,Authenticity,Option A increases Achievement score. Option B increases Authenticity score.,AI dynamically tracks behavioral tendencies and adaptive personality patterns for Enneagram.
Would You Rather… lead a movement OR quietly support one every single day?,DISC,Dominance vs Steadiness,Dominance,Steadiness,Option A increases Dominance score. Option B increases Steadiness score.,AI dynamically tracks behavioral tendencies and adaptive personality patterns for DISC.
Would You Rather… focus on self-growth OR helping others grow in front of millions of people?,Big Five,Openness,High Openness,Low Openness,Option A increases High Openness score. Option B increases Low Openness score.,AI dynamically tracks behavioral tendencies and adaptive personality patterns for Big Five.
Would You Rather… solve global problems OR focus on your own happiness in front of millions of people?,DISC,Dominance vs Steadiness,Dominance,Steadiness,Option A increases Dominance score. Option B increases Steadiness score.,AI dynamically tracks behavioral tendencies and adaptive personality patterns for DISC.
Would You Rather… have endless creativity OR perfect discipline during a crisis?,MBTI,Introversion vs Extraversion,Introversion,Extraversion,Option A increases Introversion score. Option B increases Extraversion score.,AI dynamically tracks behavioral tendencies and adaptive personality patterns for MBTI.
Would You Rather… be admired for intelligence OR kindness in front of millions of people?,Enneagram,Security vs Adventure,Security,Adventure,Option A increases Security score. Option B increases Adventure score.,AI dynamically tracks behavioral tendencies and adaptive personality patterns for Enneagram.
Would You Rather… take huge risks for success OR play life safely every single day?,MBTI,Introversion vs Extraversion,Introversion,Extraversion,Option A increases Introversion score. Option B increases Extraversion score.,AI dynamically tracks behavioral tendencies and adaptive personality patterns for MBTI.
Would You Rather… explore outer space OR explore the deep ocean for the next 10 years?,DISC,Influence vs Compliance,Influence,Compliance,Option A increases Influence score. Option B increases Compliance score.,AI dynamically tracks behavioral tendencies and adaptive personality patterns for DISC.
Would You Rather… be emotionally vulnerable OR emotionally resilient in front of millions of people?,DISC,Dominance vs Steadiness,Dominance,Steadiness,Option A increases Dominance score. Option B increases Steadiness score.,AI dynamically tracks behavioral tendencies and adaptive personality patterns for DISC.
Would You Rather… constantly reinvent yourself OR stay true to tradition while under pressure?,Big Five,Openness,High Openness,Low Openness,Option A increases High Openness score. Option B increases Low Openness score.,AI dynamically tracks behavioral tendencies and adaptive personality patterns for Big Five.
Would You Rather… have endless creativity OR perfect discipline for the next 10 years?,Love Languages,Time vs Gifts,Quality Time,Receiving Gifts,Option A increases Quality Time score. Option B increases Receiving Gifts score.,AI dynamically tracks behavioral tendencies and adaptive personality patterns for Love Languages.
Would You Rather… have endless creativity OR perfect discipline during a crisis?,Big Five,Agreeableness,High Agreeableness,Low Agreeableness,Option A increases High Agreeableness score. Option B increases Low Agreeableness score.,AI dynamically tracks behavioral tendencies and adaptive personality patterns for Big Five.
Would You Rather… know everyone likes you OR know everyone respects you every single day?,Big Five,Openness,High Openness,Low Openness,Option A increases High Openness score. Option B increases Low Openness score.,AI dynamically tracks behavioral tendencies and adaptive personality patterns for Big Five.
Would You Rather… build a billion-dollar company OR live a peaceful simple life if money didn't matter?,Enneagram,Achievement vs Authenticity,Achievement,Authenticity,Option A increases Achievement score. Option B increases Authenticity score.,AI dynamically tracks behavioral tendencies and adaptive personality patterns for Enneagram.
Would You Rather… have endless creativity OR perfect discipline while under pressure?,DISC,Influence vs Compliance,Influence,Compliance,Option A increases Influence score. Option B increases Compliance score.,AI dynamically tracks behavioral tendencies and adaptive personality patterns for DISC.
Would You Rather… become a genius inventor OR an elite communicator in front of millions of people?,Love Languages,Touch vs Independence,Physical Touch,Independence,Option A increases Physical Touch score. Option B increases Independence score.,AI dynamically tracks behavioral tendencies and adaptive personality patterns for Love Languages.
Would You Rather… work 4 intense hours OR 12 calm hours in front of millions of people?,Big Five,Openness,High Openness,Low Openness,Option A increases High Openness score. Option B increases Low Openness score.,AI dynamically tracks behavioral tendencies and adaptive personality patterns for Big Five.
Would You Rather… constantly reinvent yourself OR stay true to tradition,Big Five,Openness,High Openness,Low Openness,Option A increases High Openness score. Option B increases Low Openness score.,AI dynamically tracks behavioral tendencies and adaptive personality patterns for Big Five.
Would You Rather… explore outer space OR explore the deep ocean while under pressure?,DISC,Influence vs Compliance,Influence,Compliance,Option A increases Influence score. Option B increases Compliance score.,AI dynamically tracks behavioral tendencies and adaptive personality patterns for DISC.
Would You Rather… rely on intuition OR rely on hard data if money didn't matter?,DISC,Influence vs Compliance,Influence,Compliance,Option A increases Influence score. Option B increases Compliance score.,AI dynamically tracks behavioral tendencies and adaptive personality patterns for DISC.
Would You Rather… explore outer space OR explore the deep ocean if money didn't matter?,Big Five,Neuroticism,Emotional Reactivity,Emotional Stability,Option A increases Emotional Reactivity score. Option B increases Emotional Stability score.,AI dynamically tracks behavioral tendencies and adaptive personality patterns for Big Five.
Would You Rather… constantly reinvent yourself OR stay true to tradition while under pressure?,Big Five,Neuroticism,Emotional Reactivity,Emotional Stability,Option A increases Emotional Reactivity score. Option B increases Emotional Stability score.,AI dynamically tracks behavioral tendencies and adaptive personality patterns for Big Five.
Would You Rather… become famous online OR respected privately by experts,MBTI,Judging vs Perceiving,Judging,Perceiving,Option A increases Judging score. Option B increases Perceiving score.,AI dynamically tracks behavioral tendencies and adaptive personality patterns for MBTI.
Would You Rather… inspire millions OR deeply impact a few people every single day?,MBTI,Thinking vs Feeling,Thinking,Feeling,Option A increases Thinking score. Option B increases Feeling score.,AI dynamically tracks behavioral tendencies and adaptive personality patterns for MBTI.
Would You Rather… live in a futuristic smart city OR isolated in nature in front of millions of people?,Big Five,Openness,High Openness,Low Openness,Option A increases High Openness score. Option B increases Low Openness score.,AI dynamically tracks behavioral tendencies and adaptive personality patterns for Big Five.
Would You Rather… work 4 intense hours OR 12 calm hours,Big Five,Openness,High Openness,Low Openness,Option A increases High Openness score. Option B increases Low Openness score.,AI dynamically tracks behavioral tendencies and adaptive personality patterns for Big Five.
Would You Rather… live without social media OR without streaming entertainment every single day?,Love Languages,Time vs Gifts,Quality Time,Receiving Gifts,Option A increases Quality Time score. Option B increases Receiving Gifts score.,AI dynamically tracks behavioral tendencies and adaptive personality patterns for Love Languages.
Would You Rather… become a genius inventor OR an elite communicator in front of millions of people?,MBTI,Judging vs Perceiving,Judging,Perceiving,Option A increases Judging score. Option B increases Perceiving score.,AI dynamically tracks behavioral tendencies and adaptive personality patterns for MBTI.
Would You Rather… be emotionally vulnerable OR emotionally resilient for the next 10 years?,Big Five,Neuroticism,Emotional Reactivity,Emotional Stability,Option A increases Emotional Reactivity score. Option B increases Emotional Stability score.,AI dynamically tracks behavioral tendencies and adaptive personality patterns for Big Five.
Would You Rather… have endless creativity OR perfect discipline while under pressure?,Big Five,Neuroticism,Emotional Reactivity,Emotional Stability,Option A increases Emotional Reactivity score. Option B increases Emotional Stability score.,AI dynamically tracks behavioral tendencies and adaptive personality patterns for Big Five.
Would You Rather… be admired for intelligence OR kindness in front of millions of people?,Big Five,Neuroticism,Emotional Reactivity,Emotional Stability,Option A increases Emotional Reactivity score. Option B increases Emotional Stability score.,AI dynamically tracks behavioral tendencies and adaptive personality patterns for Big Five.
Would You Rather… explore outer space OR explore the deep ocean during a crisis?,DISC,Dominance vs Steadiness,Dominance,Steadiness,Option A increases Dominance score. Option B increases Steadiness score.,AI dynamically tracks behavioral tendencies and adaptive personality patterns for DISC.
Would You Rather… become famous online OR respected privately by experts in front of millions of people?,Love Languages,Time vs Gifts,Quality Time,Receiving Gifts,Option A increases Quality Time score. Option B increases Receiving Gifts score.,AI dynamically tracks behavioral tendencies and adaptive personality patterns for Love Languages.
Would You Rather… rely on intuition OR rely on hard data while under pressure?,Love Languages,Time vs Gifts,Quality Time,Receiving Gifts,Option A increases Quality Time score. Option B increases Receiving Gifts score.,AI dynamically tracks behavioral tendencies and adaptive personality patterns for Love Languages.
Would You Rather… be emotionally vulnerable OR emotionally resilient if money didn't matter?,MBTI,Intuition vs Sensing,Intuition,Sensing,Option A increases Intuition score. Option B increases Sensing score.,AI dynamically tracks behavioral tendencies and adaptive personality patterns for MBTI.
Would You Rather… have endless creativity OR perfect discipline,Enneagram,Achievement vs Authenticity,Achievement,Authenticity,Option A increases Achievement score. Option B increases Authenticity score.,AI dynamically tracks behavioral tendencies and adaptive personality patterns for Enneagram.
Would You Rather… rely on intuition OR rely on hard data during a crisis?,Love Languages,Time vs Gifts,Quality Time,Receiving Gifts,Option A increases Quality Time score. Option B increases Receiving Gifts score.,AI dynamically tracks behavioral tendencies and adaptive personality patterns for Love Languages.
Would You Rather… solve global problems OR focus on your own happiness during a crisis?,Love Languages,Touch vs Independence,Physical Touch,Independence,Option A increases Physical Touch score. Option B increases Independence score.,AI dynamically tracks behavioral tendencies and adaptive personality patterns for Love Languages.
Would You Rather… know everyone likes you OR know everyone respects you during a crisis?,DISC,Influence vs Compliance,Influence,Compliance,Option A increases Influence score. Option B increases Compliance score.,AI dynamically tracks behavioral tendencies and adaptive personality patterns for DISC.
Would You Rather… know everyone likes you OR know everyone respects you for the next 10 years?,Big Five,Openness,High Openness,Low Openness,Option A increases High Openness score. Option B increases Low Openness score.,AI dynamically tracks behavioral tendencies and adaptive personality patterns for Big Five.
Would You Rather… inspire millions OR deeply impact a few people in front of millions of people?,Big Five,Openness,High Openness,Low Openness,Option A increases High Openness score. Option B increases Low Openness score.,AI dynamically tracks behavioral tendencies and adaptive personality patterns for Big Five.
Would You Rather… solve global problems OR focus on your own happiness every single day?,Enneagram,Achievement vs Authenticity,Achievement,Authenticity,Option A increases Achievement score. Option B increases Authenticity score.,AI dynamically tracks behavioral tendencies and adaptive personality patterns for Enneagram.
Would You Rather… always tell the truth OR always avoid hurting feelings for the next 10 years?,DISC,Dominance vs Steadiness,Dominance,Steadiness,Option A increases Dominance score. Option B increases Steadiness score.,AI dynamically tracks behavioral tendencies and adaptive personality patterns for DISC.
Would You Rather… focus on self-growth OR helping others grow during a crisis?,MBTI,Judging vs Perceiving,Judging,Perceiving,Option A increases Judging score. Option B increases Perceiving score.,AI dynamically tracks behavioral tendencies and adaptive personality patterns for MBTI.
Would You Rather… have endless creativity OR perfect discipline if money didn't matter?,MBTI,Judging vs Perceiving,Judging,Perceiving,Option A increases Judging score. Option B increases Perceiving score.,AI dynamically tracks behavioral tendencies and adaptive personality patterns for MBTI.
Would You Rather… always tell the truth OR always avoid hurting feelings,Love Languages,Touch vs Independence,Physical Touch,Independence,Option A increases Physical Touch score. Option B increases Independence score.,AI dynamically tracks behavioral tendencies and adaptive personality patterns for Love Languages.
Would You Rather… travel constantly OR build roots in one place in front of millions of people?,DISC,Dominance vs Steadiness,Dominance,Steadiness,Option A increases Dominance score. Option B increases Steadiness score.,AI dynamically tracks behavioral tendencies and adaptive personality patterns for DISC.
Would You Rather… travel constantly OR build roots in one place,Big Five,Neuroticism,Emotional Reactivity,Emotional Stability,Option A increases Emotional Reactivity score. Option B increases Emotional Stability score.,AI dynamically tracks behavioral tendencies and adaptive personality patterns for Big Five.
Would You Rather… know everyone likes you OR know everyone respects you in front of millions of people?,MBTI,Introversion vs Extraversion,Introversion,Extraversion,Option A increases Introversion score. Option B increases Extraversion score.,AI dynamically tracks behavioral tendencies and adaptive personality patterns for MBTI.
Would You Rather… inspire millions OR deeply impact a few people for the next 10 years?,Big Five,Openness,High Openness,Low Openness,Option A increases High Openness score. Option B increases Low Openness score.,AI dynamically tracks behavioral tendencies and adaptive personality patterns for Big Five.
Would You Rather… solve global problems OR focus on your own happiness,MBTI,Intuition vs Sensing,Intuition,Sensing,Option A increases Intuition score. Option B increases Sensing score.,AI dynamically tracks behavioral tendencies and adaptive personality patterns for MBTI.
Would You Rather… inspire millions OR deeply impact a few people,MBTI,Introversion vs Extraversion,Introversion,Extraversion,Option A increases Introversion score. Option B increases Extraversion score.,AI dynamically tracks behavioral tendencies and adaptive personality patterns for MBTI.
Would You Rather… build a billion-dollar company OR live a peaceful simple life for the next 10 years?,Enneagram,Achievement vs Authenticity,Achievement,Authenticity,Option A increases Achievement score. Option B increases Authenticity score.,AI dynamically tracks behavioral tendencies and adaptive personality patterns for Enneagram.
Would You Rather… rely on intuition OR rely on hard data during a crisis?,Love Languages,Time vs Gifts,Quality Time,Receiving Gifts,Option A increases Quality Time score. Option B increases Receiving Gifts score.,AI dynamically tracks behavioral tendencies and adaptive personality patterns for Love Languages.
Would You Rather… take huge risks for success OR play life safely in front of millions of people?,Big Five,Openness,High Openness,Low Openness,Option A increases High Openness score. Option B increases Low Openness score.,AI dynamically tracks behavioral tendencies and adaptive personality patterns for Big Five.
Would You Rather… lead a movement OR quietly support one in front of millions of people?,DISC,Dominance vs Steadiness,Dominance,Steadiness,Option A increases Dominance score. Option B increases Steadiness score.,AI dynamically tracks behavioral tendencies and adaptive personality patterns for DISC.
Would You Rather… solve global problems OR focus on your own happiness for the next 10 years?,Enneagram,Security vs Adventure,Security,Adventure,Option A increases Security score. Option B increases Adventure score.,AI dynamically tracks behavioral tendencies and adaptive personality patterns for Enneagram.
Would You Rather… live without social media OR without streaming entertainment while under pressure?,Big Five,Agreeableness,High Agreeableness,Low Agreeableness,Option A increases High Agreeableness score. Option B increases Low Agreeableness score.,AI dynamically tracks behavioral tendencies and adaptive personality patterns for Big Five.
Would You Rather… inspire millions OR deeply impact a few people while under pressure?,MBTI,Intuition vs Sensing,Intuition,Sensing,Option A increases Intuition score. Option B increases Sensing score.,AI dynamically tracks behavioral tendencies and adaptive personality patterns for MBTI.
Would You Rather… be emotionally vulnerable OR emotionally resilient,Big Five,Neuroticism,Emotional Reactivity,Emotional Stability,Option A increases Emotional Reactivity score. Option B increases Emotional Stability score.,AI dynamically tracks behavioral tendencies and adaptive personality patterns for Big Five.
Would You Rather… become a genius inventor OR an elite communicator in front of millions of people?,MBTI,Judging vs Perceiving,Judging,Perceiving,Option A increases Judging score. Option B increases Perceiving score.,AI dynamically tracks behavioral tendencies and adaptive personality patterns for MBTI.
Would You Rather… rely on intuition OR rely on hard data every single day?,Love Languages,Touch vs Independence,Physical Touch,Independence,Option A increases Physical Touch score. Option B increases Independence score.,AI dynamically tracks behavioral tendencies and adaptive personality patterns for Love Languages.
Would You Rather… explore outer space OR explore the deep ocean during a crisis?,Love Languages,Touch vs Independence,Physical Touch,Independence,Option A increases Physical Touch score. Option B increases Independence score.,AI dynamically tracks behavioral tendencies and adaptive personality patterns for Love Languages.
Would You Rather… focus on self-growth OR helping others grow while under pressure?,DISC,Influence vs Compliance,Influence,Compliance,Option A increases Influence score. Option B increases Compliance score.,AI dynamically tracks behavioral tendencies and adaptive personality patterns for DISC.
Would You Rather… focus on self-growth OR helping others grow during a crisis?,MBTI,Judging vs Perceiving,Judging,Perceiving,Option A increases Judging score. Option B increases Perceiving score.,AI dynamically tracks behavioral tendencies and adaptive personality patterns for MBTI.
Would You Rather… live in a futuristic smart city OR isolated in nature if money didn't matter?,Big Five,Neuroticism,Emotional Reactivity,Emotional Stability,Option A increases Emotional Reactivity score. Option B increases Emotional Stability score.,AI dynamically tracks behavioral tendencies and adaptive personality patterns for Big Five.
Would You Rather… have endless creativity OR perfect discipline while under pressure?,Enneagram,Achievement vs Authenticity,Achievement,Authenticity,Option A increases Achievement score. Option B increases Authenticity score.,AI dynamically tracks behavioral tendencies and adaptive personality patterns for Enneagram.
Would You Rather… live without social media OR without streaming entertainment every single day?,DISC,Influence vs Compliance,Influence,Compliance,Option A increases Influence score. Option B increases Compliance score.,AI dynamically tracks behavioral tendencies and adaptive personality patterns for DISC.
Would You Rather… live in a futuristic smart city OR isolated in nature while under pressure?,MBTI,Intuition vs Sensing,Intuition,Sensing,Option A increases Intuition score. Option B increases Sensing score.,AI dynamically tracks behavioral tendencies and adaptive personality patterns for MBTI.
Would You Rather… travel constantly OR build roots in one place in front of millions of people?,MBTI,Intuition vs Sensing,Intuition,Sensing,Option A increases Intuition score. Option B increases Sensing score.,AI dynamically tracks behavioral tendencies and adaptive personality patterns for MBTI.
Would You Rather… constantly reinvent yourself OR stay true to tradition if money didn't matter?,Enneagram,Achievement vs Authenticity,Achievement,Authenticity,Option A increases Achievement score. Option B increases Authenticity score.,AI dynamically tracks behavioral tendencies and adaptive personality patterns for Enneagram.
Would You Rather… travel constantly OR build roots in one place,MBTI,Intuition vs Sensing,Intuition,Sensing,Option A increases Intuition score. Option B increases Sensing score.,AI dynamically tracks behavioral tendencies and adaptive personality patterns for MBTI.
Would You Rather… build a billion-dollar company OR live a peaceful simple life in front of millions of people?,Enneagram,Security vs Adventure,Security,Adventure,Option A increases Security score. Option B increases Adventure score.,AI dynamically tracks behavioral tendencies and adaptive personality patterns for Enneagram.
Would You Rather… focus on self-growth OR helping others grow if money didn't matter?,MBTI,Introversion vs Extraversion,Introversion,Extraversion,Option A increases Introversion score. Option B increases Extraversion score.,AI dynamically tracks behavioral tendencies and adaptive personality patterns for MBTI.
Would You Rather… have endless creativity OR perfect discipline for the next 10 years?,MBTI,Thinking vs Feeling,Thinking,Feeling,Option A increases Thinking score. Option B increases Feeling score.,AI dynamically tracks behavioral tendencies and adaptive personality patterns for MBTI.
Would You Rather… live without social media OR without streaming entertainment,Love Languages,Touch vs Independence,Physical Touch,Independence,Option A increases Physical Touch score. Option B increases Independence score.,AI dynamically tracks behavioral tendencies and adaptive personality patterns for Love Languages.
Would You Rather… solve global problems OR focus on your own happiness while under pressure?,Big Five,Conscientiousness,High Conscientiousness,Low Conscientiousness,Option A increases High Conscientiousness score. Option B increases Low Conscientiousness score.,AI dynamically tracks behavioral tendencies and adaptive personality patterns for Big Five.
Would You Rather… become a genius inventor OR an elite communicator while under pressure?,MBTI,Introversion vs Extraversion,Introversion,Extraversion,Option A increases Introversion score. Option B increases Extraversion score.,AI dynamically tracks behavioral tendencies and adaptive personality patterns for MBTI.
Would You Rather… travel constantly OR build roots in one place during a crisis?,MBTI,Intuition vs Sensing,Intuition,Sensing,Option A increases Intuition score. Option B increases Sensing score.,AI dynamically tracks behavioral tendencies and adaptive personality patterns for MBTI.
Would You Rather… rely on intuition OR rely on hard data in front of millions of people?,Big Five,Neuroticism,Emotional Reactivity,Emotional Stability,Option A increases Emotional Reactivity score. Option B increases Emotional Stability score.,AI dynamically tracks behavioral tendencies and adaptive personality patterns for Big Five.
Would You Rather… live without social media OR without streaming entertainment during a crisis?,MBTI,Introversion vs Extraversion,Introversion,Extraversion,Option A increases Introversion score. Option B increases Extraversion score.,AI dynamically tracks behavioral tendencies and adaptive personality patterns for MBTI.
Would You Rather… inspire millions OR deeply impact a few people for the next 10 years?,Love Languages,Touch vs Independence,Physical Touch,Independence,Option A increases Physical Touch score. Option B increases Independence score.,AI dynamically tracks behavioral tendencies and adaptive personality patterns for Love Languages.
Would You Rather… travel constantly OR build roots in one place,Big Five,Conscientiousness,High Conscientiousness,Low Conscientiousness,Option A increases High Conscientiousness score. Option B increases Low Conscientiousness score.,AI dynamically tracks behavioral tendencies and adaptive personality patterns for Big Five.
Would You Rather… inspire millions OR deeply impact a few people,DISC,Dominance vs Steadiness,Dominance,Steadiness,Option A increases Dominance score. Option B increases Steadiness score.,AI dynamically tracks behavioral tendencies and adaptive personality patterns for DISC.
Would You Rather… focus on self-growth OR helping others grow for the next 10 years?,MBTI,Introversion vs Extraversion,Introversion,Extraversion,Option A increases Introversion score. Option B increases Extraversion score.,AI dynamically tracks behavioral tendencies and adaptive personality patterns for MBTI.
Would You Rather… rely on intuition OR rely on hard data during a crisis?,Big Five,Agreeableness,High Agreeableness,Low Agreeableness,Option A increases High Agreeableness score. Option B increases Low Agreeableness score.,AI dynamically tracks behavioral tendencies and adaptive personality patterns for Big Five.
Would You Rather… take huge risks for success OR play life safely,MBTI,Introversion vs Extraversion,Introversion,Extraversion,Option A increases Introversion score. Option B increases Extraversion score.,AI dynamically tracks behavioral tendencies and adaptive personality patterns for MBTI.
Would You Rather… build a billion-dollar company OR live a peaceful simple life,Love Languages,Touch vs Independence,Physical Touch,Independence,Option A increases Physical Touch score. Option B increases Independence score.,AI dynamically tracks behavioral tendencies and adaptive personality patterns for Love Languages.
Would You Rather… live in a futuristic smart city OR isolated in nature if money didn't matter?,DISC,Influence vs Compliance,Influence,Compliance,Option A increases Influence score. Option B increases Compliance score.,AI dynamically tracks behavioral tendencies and adaptive personality patterns for DISC.
Would You Rather… take huge risks for success OR play life safely if money didn't matter?,DISC,Influence vs Compliance,Influence,Compliance,Option A increases Influence score. Option B increases Compliance score.,AI dynamically tracks behavioral tendencies and adaptive personality patterns for DISC.
Would You Rather… constantly reinvent yourself OR stay true to tradition during a crisis?,Big Five,Conscientiousness,High Conscientiousness,Low Conscientiousness,Option A increases High Conscientiousness score. Option B increases Low Conscientiousness score.,AI dynamically tracks behavioral tendencies and adaptive personality patterns for Big Five.
Would You Rather… become famous online OR respected privately by experts,MBTI,Thinking vs Feeling,Thinking,Feeling,Option A increases Thinking score. Option B increases Feeling score.,AI dynamically tracks behavioral tendencies and adaptive personality patterns for MBTI.
Would You Rather… be emotionally vulnerable OR emotionally resilient if money didn't matter?,DISC,Influence vs Compliance,Influence,Compliance,Option A increases Influence score. Option B increases Compliance score.,AI dynamically tracks behavioral tendencies and adaptive personality patterns for DISC.
Would You Rather… own a futuristic AI assistant OR have a human mentor for life?,Big Five,Conscientiousness,High Conscientiousness,Low Conscientiousness,Option A increases High Conscientiousness tendency. Option B increases Low Conscientiousness tendency.,AI dynamically tracks evolving personality and behavioral patterns within Big Five.
Would You Rather… win the lottery tomorrow OR build wealth slowly over 20 years?,DISC,Dominance vs Steadiness,Dominance,Steadiness,Option A increases Dominance tendency. Option B increases Steadiness tendency.,AI dynamically tracks evolving personality and behavioral patterns within DISC.
Would You Rather… be known for your intelligence OR your charisma?,MBTI,Introversion vs Extraversion,Introversion,Extraversion,Option A increases Introversion tendency. Option B increases Extraversion tendency.,AI dynamically tracks evolving personality and behavioral patterns within MBTI.
Would You Rather… live in complete privacy OR constant public attention?,DISC,Dominance vs Steadiness,Dominance,Steadiness,Option A increases Dominance tendency. Option B increases Steadiness tendency.,AI dynamically tracks evolving personality and behavioral patterns within DISC.
Would You Rather… have unlimited confidence OR unlimited creativity?,DISC,Influence vs Compliance,Influence,Compliance,Option A increases Influence tendency. Option B increases Compliance tendency.,AI dynamically tracks evolving personality and behavioral patterns within DISC.
Would You Rather… know your future OR change your past?,Big Five,Openness,High Openness,Low Openness,Option A increases High Openness tendency. Option B increases Low Openness tendency.,AI dynamically tracks evolving personality and behavioral patterns within Big Five.
Would You Rather… work remotely forever OR work inside a high-energy office?,Big Five,Agreeableness,High Agreeableness,Low Agreeableness,Option A increases High Agreeableness tendency. Option B increases Low Agreeableness tendency.,AI dynamically tracks evolving personality and behavioral patterns within Big Five.
Would You Rather… always stand out OR always fit in socially?,Love Languages,Time vs Gifts,Quality Time,Receiving Gifts,Option A increases Quality Time tendency. Option B increases Receiving Gifts tendency.,AI dynamically tracks evolving personality and behavioral patterns within Love Languages.
Would You Rather… date someone extremely ambitious OR emotionally supportive?,Big Five,Conscientiousness,High Conscientiousness,Low Conscientiousness,Option A increases High Conscientiousness tendency. Option B increases Low Conscientiousness tendency.,AI dynamically tracks evolving personality and behavioral patterns within Big Five.
Would You Rather… be the leader of a team OR the mastermind behind the scenes?,Big Five,Openness,High Openness,Low Openness,Option A increases High Openness tendency. Option B increases Low Openness tendency.,AI dynamically tracks evolving personality and behavioral patterns within Big Five.
Would You Rather… spend money on experiences OR material possessions?,Big Five,Agreeableness,High Agreeableness,Low Agreeableness,Option A increases High Agreeableness tendency. Option B increases Low Agreeableness tendency.,AI dynamically tracks evolving personality and behavioral patterns within Big Five.
Would You Rather… become emotionally fearless OR intellectually brilliant?,Love Languages,Touch vs Independence,Physical Touch,Independence,Option A increases Physical Touch tendency. Option B increases Independence tendency.,AI dynamically tracks evolving personality and behavioral patterns within Love Languages.
Would You Rather… wake up early every day OR stay up late every night?,Love Languages,Touch vs Independence,Physical Touch,Independence,Option A increases Physical Touch tendency. Option B increases Independence tendency.,AI dynamically tracks evolving personality and behavioral patterns within Love Languages.
Would You Rather… trust science completely OR trust human intuition more?,MBTI,Introversion vs Extraversion,Introversion,Extraversion,Option A increases Introversion tendency. Option B increases Extraversion tendency.,AI dynamically tracks evolving personality and behavioral patterns within MBTI.
Would You Rather… become famous on social media OR anonymous but wealthy?,Enneagram,Achievement vs Authenticity,Achievement,Authenticity,Option A increases Achievement tendency. Option B increases Authenticity tendency.,AI dynamically tracks evolving personality and behavioral patterns within Enneagram.
Would You Rather… constantly seek adventure OR maintain inner peace?,DISC,Influence vs Compliance,Influence,Compliance,Option A increases Influence tendency. Option B increases Compliance tendency.,AI dynamically tracks evolving personality and behavioral patterns within DISC.
Would You Rather… have strict routines OR complete freedom daily?,Big Five,Agreeableness,High Agreeableness,Low Agreeableness,Option A increases High Agreeableness tendency. Option B increases Low Agreeableness tendency.,AI dynamically tracks evolving personality and behavioral patterns within Big Five.
Would You Rather… solve emotional conflicts OR solve technical problems?,Love Languages,Touch vs Independence,Physical Touch,Independence,Option A increases Physical Touch tendency. Option B increases Independence tendency.,AI dynamically tracks evolving personality and behavioral patterns within Love Languages.
Would You Rather… compete constantly OR collaborate with everyone?,Enneagram,Security vs Adventure,Security,Adventure,Option A increases Security tendency. Option B increases Adventure tendency.,AI dynamically tracks evolving personality and behavioral patterns within Enneagram.
Would You Rather… have one soulmate OR endless exciting relationships?,DISC,Dominance vs Steadiness,Dominance,Steadiness,Option A increases Dominance tendency. Option B increases Steadiness tendency.,AI dynamically tracks evolving personality and behavioral patterns within DISC.
Would You Rather… master communication OR master strategy?,Enneagram,Achievement vs Authenticity,Achievement,Authenticity,Option A increases Achievement tendency. Option B increases Authenticity tendency.,AI dynamically tracks evolving personality and behavioral patterns within Enneagram.
Would You Rather… control your emotions perfectly OR express them freely?,Enneagram,Security vs Adventure,Security,Adventure,Option A increases Security tendency. Option B increases Adventure tendency.,AI dynamically tracks evolving personality and behavioral patterns within Enneagram.
Would You Rather… spend years mastering one skill OR constantly learn new things?,Big Five,Agreeableness,High Agreeableness,Low Agreeableness,Option A increases High Agreeableness tendency. Option B increases Low Agreeableness tendency.,AI dynamically tracks evolving personality and behavioral patterns within Big Five.
Would You Rather… build a legacy OR enjoy life in the present moment?,Enneagram,Achievement vs Authenticity,Achievement,Authenticity,Option A increases Achievement tendency. Option B increases Authenticity tendency.,AI dynamically tracks evolving personality and behavioral patterns within Enneagram.
Would You Rather… live in a peaceful village OR a fast-moving futuristic city?,DISC,Dominance vs Steadiness,Dominance,Steadiness,Option A increases Dominance tendency. Option B increases Steadiness tendency.,AI dynamically tracks evolving personality and behavioral patterns within DISC.
Would You Rather… live in complete privacy OR constant public attention for the next decade?,MBTI,Thinking vs Feeling,Thinking,Feeling,Option A increases Thinking tendency. Option B increases Feeling tendency.,AI dynamically tracks evolving personality and behavioral patterns within MBTI.
Would You Rather… constantly seek adventure OR maintain inner peace if success was guaranteed?,DISC,Dominance vs Steadiness,Dominance,Steadiness,Option A increases Dominance tendency. Option B increases Steadiness tendency.,AI dynamically tracks evolving personality and behavioral patterns within DISC.
Would You Rather… become famous on social media OR anonymous but wealthy during a global crisis?,DISC,Influence vs Compliance,Influence,Compliance,Option A increases Influence tendency. Option B increases Compliance tendency.,AI dynamically tracks evolving personality and behavioral patterns within DISC.
Would You Rather… win the lottery tomorrow OR build wealth slowly over 20 years for the next decade?,MBTI,Intuition vs Sensing,Intuition,Sensing,Option A increases Intuition tendency. Option B increases Sensing tendency.,AI dynamically tracks evolving personality and behavioral patterns within MBTI.
Would You Rather… master communication OR master strategy if failure was impossible?,Enneagram,Achievement vs Authenticity,Achievement,Authenticity,Option A increases Achievement tendency. Option B increases Authenticity tendency.,AI dynamically tracks evolving personality and behavioral patterns within Enneagram.
Would You Rather… wake up early every day OR stay up late every night if failure was impossible?,MBTI,Thinking vs Feeling,Thinking,Feeling,Option A increases Thinking tendency. Option B increases Feeling tendency.,AI dynamically tracks evolving personality and behavioral patterns within MBTI.
Would You Rather… build a legacy OR enjoy life in the present moment if success was guaranteed?,MBTI,Intuition vs Sensing,Intuition,Sensing,Option A increases Intuition tendency. Option B increases Sensing tendency.,AI dynamically tracks evolving personality and behavioral patterns within MBTI.
Would You Rather… have one soulmate OR endless exciting relationships if failure was impossible?,Enneagram,Security vs Adventure,Security,Adventure,Option A increases Security tendency. Option B increases Adventure tendency.,AI dynamically tracks evolving personality and behavioral patterns within Enneagram.
Would You Rather… master communication OR master strategy during a global crisis?,Big Five,Agreeableness,High Agreeableness,Low Agreeableness,Option A increases High Agreeableness tendency. Option B increases Low Agreeableness tendency.,AI dynamically tracks evolving personality and behavioral patterns within Big Five.
Would You Rather… live in complete privacy OR constant public attention every single weekend?,DISC,Influence vs Compliance,Influence,Compliance,Option A increases Influence tendency. Option B increases Compliance tendency.,AI dynamically tracks evolving personality and behavioral patterns within DISC.
Would You Rather… control your emotions perfectly OR express them freely if success was guaranteed?,MBTI,Judging vs Perceiving,Judging,Perceiving,Option A increases Judging tendency. Option B increases Perceiving tendency.,AI dynamically tracks evolving personality and behavioral patterns within MBTI.
Would You Rather… have one soulmate OR endless exciting relationships while under extreme stress?,Enneagram,Security vs Adventure,Security,Adventure,Option A increases Security tendency. Option B increases Adventure tendency.,AI dynamically tracks evolving personality and behavioral patterns within Enneagram.
Would You Rather… be known for your intelligence OR your charisma every single weekend?,Enneagram,Security vs Adventure,Security,Adventure,Option A increases Security tendency. Option B increases Adventure tendency.,AI dynamically tracks evolving personality and behavioral patterns within Enneagram.
Would You Rather… date someone extremely ambitious OR emotionally supportive if nobody judged you?,Enneagram,Security vs Adventure,Security,Adventure,Option A increases Security tendency. Option B increases Adventure tendency.,AI dynamically tracks evolving personality and behavioral patterns within Enneagram.
Would You Rather… live in complete privacy OR constant public attention if nobody judged you?,MBTI,Introversion vs Extraversion,Introversion,Extraversion,Option A increases Introversion tendency. Option B increases Extraversion tendency.,AI dynamically tracks evolving personality and behavioral patterns within MBTI.
Would You Rather… be the leader of a team OR the mastermind behind the scenes if failure was impossible?,Love Languages,Time vs Gifts,Quality Time,Receiving Gifts,Option A increases Quality Time tendency. Option B increases Receiving Gifts tendency.,AI dynamically tracks evolving personality and behavioral patterns within Love Languages.
Would You Rather… spend money on experiences OR material possessions every single weekend?,Big Five,Agreeableness,High Agreeableness,Low Agreeableness,Option A increases High Agreeableness tendency. Option B increases Low Agreeableness tendency.,AI dynamically tracks evolving personality and behavioral patterns within Big Five.
Would You Rather… be the leader of a team OR the mastermind behind the scenes if nobody judged you?,Enneagram,Achievement vs Authenticity,Achievement,Authenticity,Option A increases Achievement tendency. Option B increases Authenticity tendency.,AI dynamically tracks evolving personality and behavioral patterns within Enneagram.
Would You Rather… spend money on experiences OR material possessions during a global crisis?,Big Five,Neuroticism,Emotional Reactivity,Emotional Stability,Option A increases Emotional Reactivity tendency. Option B increases Emotional Stability tendency.,AI dynamically tracks evolving personality and behavioral patterns within Big Five.
Would You Rather… be the leader of a team OR the mastermind behind the scenes if nobody judged you?,DISC,Dominance vs Steadiness,Dominance,Steadiness,Option A increases Dominance tendency. Option B increases Steadiness tendency.,AI dynamically tracks evolving personality and behavioral patterns within DISC.
Would You Rather… win the lottery tomorrow OR build wealth slowly over 20 years while under extreme stress?,Enneagram,Achievement vs Authenticity,Achievement,Authenticity,Option A increases Achievement tendency. Option B increases Authenticity tendency.,AI dynamically tracks evolving personality and behavioral patterns within Enneagram.
Would You Rather… trust science completely OR trust human intuition more every single weekend?,Love Languages,Touch vs Independence,Physical Touch,Independence,Option A increases Physical Touch tendency. Option B increases Independence tendency.,AI dynamically tracks evolving personality and behavioral patterns within Love Languages.
Would You Rather… become emotionally fearless OR intellectually brilliant while under extreme stress?,Enneagram,Security vs Adventure,Security,Adventure,Option A increases Security tendency. Option B increases Adventure tendency.,AI dynamically tracks evolving personality and behavioral patterns within Enneagram.
Would You Rather… spend years mastering one skill OR constantly learn new things if success was guaranteed?,DISC,Influence vs Compliance,Influence,Compliance,Option A increases Influence tendency. Option B increases Compliance tendency.,AI dynamically tracks evolving personality and behavioral patterns within DISC.
Would You Rather… be known for your intelligence OR your charisma during a global crisis?,DISC,Influence vs Compliance,Influence,Compliance,Option A increases Influence tendency. Option B increases Compliance tendency.,AI dynamically tracks evolving personality and behavioral patterns within DISC.
Would You Rather… know your future OR change your past during a global crisis?,MBTI,Judging vs Perceiving,Judging,Perceiving,Option A increases Judging tendency. Option B increases Perceiving tendency.,AI dynamically tracks evolving personality and behavioral patterns within MBTI.
Would You Rather… spend years mastering one skill OR constantly learn new things every single weekend?,Big Five,Neuroticism,Emotional Reactivity,Emotional Stability,Option A increases Emotional Reactivity tendency. Option B increases Emotional Stability tendency.,AI dynamically tracks evolving personality and behavioral patterns within Big Five.
Would You Rather… become famous on social media OR anonymous but wealthy every single weekend?,MBTI,Thinking vs Feeling,Thinking,Feeling,Option A increases Thinking tendency. Option B increases Feeling tendency.,AI dynamically tracks evolving personality and behavioral patterns within MBTI.
Would You Rather… date someone extremely ambitious OR emotionally supportive every single weekend?,MBTI,Judging vs Perceiving,Judging,Perceiving,Option A increases Judging tendency. Option B increases Perceiving tendency.,AI dynamically tracks evolving personality and behavioral patterns within MBTI.
Would You Rather… live in complete privacy OR constant public attention if success was guaranteed?,Love Languages,Touch vs Independence,Physical Touch,Independence,Option A increases Physical Touch tendency. Option B increases Independence tendency.,AI dynamically tracks evolving personality and behavioral patterns within Love Languages.
Would You Rather… live in complete privacy OR constant public attention if failure was impossible?,Love Languages,Time vs Gifts,Quality Time,Receiving Gifts,Option A increases Quality Time tendency. Option B increases Receiving Gifts tendency.,AI dynamically tracks evolving personality and behavioral patterns within Love Languages.
Would You Rather… become emotionally fearless OR intellectually brilliant during a global crisis?,DISC,Dominance vs Steadiness,Dominance,Steadiness,Option A increases Dominance tendency. Option B increases Steadiness tendency.,AI dynamically tracks evolving personality and behavioral patterns within DISC.
Would You Rather… own a futuristic AI assistant OR have a human mentor for life if success was guaranteed?,Big Five,Openness,High Openness,Low Openness,Option A increases High Openness tendency. Option B increases Low Openness tendency.,AI dynamically tracks evolving personality and behavioral patterns within Big Five.
Would You Rather… become emotionally fearless OR intellectually brilliant while under extreme stress?,Big Five,Agreeableness,High Agreeableness,Low Agreeableness,Option A increases High Agreeableness tendency. Option B increases Low Agreeableness tendency.,AI dynamically tracks evolving personality and behavioral patterns within Big Five.
Would You Rather… be the leader of a team OR the mastermind behind the scenes if failure was impossible?,Love Languages,Time vs Gifts,Quality Time,Receiving Gifts,Option A increases Quality Time tendency. Option B increases Receiving Gifts tendency.,AI dynamically tracks evolving personality and behavioral patterns within Love Languages.
Would You Rather… have strict routines OR complete freedom daily while under extreme stress?,Big Five,Neuroticism,Emotional Reactivity,Emotional Stability,Option A increases Emotional Reactivity tendency. Option B increases Emotional Stability tendency.,AI dynamically tracks evolving personality and behavioral patterns within Big Five.
Would You Rather… master communication OR master strategy if failure was impossible?,MBTI,Thinking vs Feeling,Thinking,Feeling,Option A increases Thinking tendency. Option B increases Feeling tendency.,AI dynamically tracks evolving personality and behavioral patterns within MBTI.
Would You Rather… know your future OR change your past for the next decade?,Big Five,Neuroticism,Emotional Reactivity,Emotional Stability,Option A increases Emotional Reactivity tendency. Option B increases Emotional Stability tendency.,AI dynamically tracks evolving personality and behavioral patterns within Big Five.
Would You Rather… become emotionally fearless OR intellectually brilliant for the next decade?,Big Five,Conscientiousness,High Conscientiousness,Low Conscientiousness,Option A increases High Conscientiousness tendency. Option B increases Low Conscientiousness tendency.,AI dynamically tracks evolving personality and behavioral patterns within Big Five.
Would You Rather… spend years mastering one skill OR constantly learn new things while under extreme stress?,DISC,Influence vs Compliance,Influence,Compliance,Option A increases Influence tendency. Option B increases Compliance tendency.,AI dynamically tracks evolving personality and behavioral patterns within DISC.
Would You Rather… always stand out OR always fit in socially if nobody judged you?,MBTI,Introversion vs Extraversion,Introversion,Extraversion,Option A increases Introversion tendency. Option B increases Extraversion tendency.,AI dynamically tracks evolving personality and behavioral patterns within MBTI.
Would You Rather… own a futuristic AI assistant OR have a human mentor for life during a global crisis?,DISC,Influence vs Compliance,Influence,Compliance,Option A increases Influence tendency. Option B increases Compliance tendency.,AI dynamically tracks evolving personality and behavioral patterns within DISC.
Would You Rather… trust science completely OR trust human intuition more if nobody judged you?,MBTI,Thinking vs Feeling,Thinking,Feeling,Option A increases Thinking tendency. Option B increases Feeling tendency.,AI dynamically tracks evolving personality and behavioral patterns within MBTI.
Would You Rather… live in a peaceful village OR a fast-moving futuristic city while under extreme stress?,MBTI,Thinking vs Feeling,Thinking,Feeling,Option A increases Thinking tendency. Option B increases Feeling tendency.,AI dynamically tracks evolving personality and behavioral patterns within MBTI.
Would You Rather… be known for your intelligence OR your charisma every single weekend?,Enneagram,Security vs Adventure,Security,Adventure,Option A increases Security tendency. Option B increases Adventure tendency.,AI dynamically tracks evolving personality and behavioral patterns within Enneagram.
Would You Rather… wake up early every day OR stay up late every night for the next decade?,MBTI,Thinking vs Feeling,Thinking,Feeling,Option A increases Thinking tendency. Option B increases Feeling tendency.,AI dynamically tracks evolving personality and behavioral patterns within MBTI.
Would You Rather… trust science completely OR trust human intuition more every single weekend?,Big Five,Neuroticism,Emotional Reactivity,Emotional Stability,Option A increases Emotional Reactivity tendency. Option B increases Emotional Stability tendency.,AI dynamically tracks evolving personality and behavioral patterns within Big Five.
Would You Rather… have one soulmate OR endless exciting relationships for the next decade?,Enneagram,Security vs Adventure,Security,Adventure,Option A increases Security tendency. Option B increases Adventure tendency.,AI dynamically tracks evolving personality and behavioral patterns within Enneagram.
Would You Rather… control your emotions perfectly OR express them freely during a global crisis?,MBTI,Thinking vs Feeling,Thinking,Feeling,Option A increases Thinking tendency. Option B increases Feeling tendency.,AI dynamically tracks evolving personality and behavioral patterns within MBTI.
Would You Rather… own a futuristic AI assistant OR have a human mentor for life if failure was impossible?,MBTI,Thinking vs Feeling,Thinking,Feeling,Option A increases Thinking tendency. Option B increases Feeling tendency.,AI dynamically tracks evolving personality and behavioral patterns within MBTI.
Would You Rather… have strict routines OR complete freedom daily if success was guaranteed?,Love Languages,Time vs Gifts,Quality Time,Receiving Gifts,Option A increases Quality Time tendency. Option B increases Receiving Gifts tendency.,AI dynamically tracks evolving personality and behavioral patterns within Love Languages.
Would You Rather… wake up early every day OR stay up late every night every single weekend?,MBTI,Thinking vs Feeling,Thinking,Feeling,Option A increases Thinking tendency. Option B increases Feeling tendency.,AI dynamically tracks evolving personality and behavioral patterns within MBTI.
Would You Rather… have strict routines OR complete freedom daily every single weekend?,Enneagram,Achievement vs Authenticity,Achievement,Authenticity,Option A increases Achievement tendency. Option B increases Authenticity tendency.,AI dynamically tracks evolving personality and behavioral patterns within Enneagram.
Would You Rather… compete constantly OR collaborate with everyone if success was guaranteed?,Big Five,Agreeableness,High Agreeableness,Low Agreeableness,Option A increases High Agreeableness tendency. Option B increases Low Agreeableness tendency.,AI dynamically tracks evolving personality and behavioral patterns within Big Five.
Would You Rather… live in a peaceful village OR a fast-moving futuristic city if success was guaranteed?,Big Five,Neuroticism,Emotional Reactivity,Emotional Stability,Option A increases Emotional Reactivity tendency. Option B increases Emotional Stability tendency.,AI dynamically tracks evolving personality and behavioral patterns within Big Five.
Would You Rather… live in a peaceful village OR a fast-moving futuristic city if nobody judged you?,Big Five,Conscientiousness,High Conscientiousness,Low Conscientiousness,Option A increases High Conscientiousness tendency. Option B increases Low Conscientiousness tendency.,AI dynamically tracks evolving personality and behavioral patterns within Big Five.
Would You Rather… constantly seek adventure OR maintain inner peace while under extreme stress?,MBTI,Judging vs Perceiving,Judging,Perceiving,Option A increases Judging tendency. Option B increases Perceiving tendency.,AI dynamically tracks evolving personality and behavioral patterns within MBTI.
Would You Rather… have strict routines OR complete freedom daily during a global crisis?,Enneagram,Achievement vs Authenticity,Achievement,Authenticity,Option A increases Achievement tendency. Option B increases Authenticity tendency.,AI dynamically tracks evolving personality and behavioral patterns within Enneagram.
Would You Rather… always stand out OR always fit in socially if success was guaranteed?,DISC,Influence vs Compliance,Influence,Compliance,Option A increases Influence tendency. Option B increases Compliance tendency.,AI dynamically tracks evolving personality and behavioral patterns within DISC.
Would You Rather… win the lottery tomorrow OR build wealth slowly over 20 years while under extreme stress?,Big Five,Openness,High Openness,Low Openness,Option A increases High Openness tendency. Option B increases Low Openness tendency.,AI dynamically tracks evolving personality and behavioral patterns within Big Five.
Would You Rather… know your future OR change your past for the next decade?,Enneagram,Security vs Adventure,Security,Adventure,Option A increases Security tendency. Option B increases Adventure tendency.,AI dynamically tracks evolving personality and behavioral patterns within Enneagram.
Would You Rather… master communication OR master strategy every single weekend?,DISC,Dominance vs Steadiness,Dominance,Steadiness,Option A increases Dominance tendency. Option B increases Steadiness tendency.,AI dynamically tracks evolving personality and behavioral patterns within DISC.
Would You Rather… always stand out OR always fit in socially if failure was impossible?,MBTI,Intuition vs Sensing,Intuition,Sensing,Option A increases Intuition tendency. Option B increases Sensing tendency.,AI dynamically tracks evolving personality and behavioral patterns within MBTI.
Would You Rather… master communication OR master strategy every single weekend?,Enneagram,Security vs Adventure,Security,Adventure,Option A increases Security tendency. Option B increases Adventure tendency.,AI dynamically tracks evolving personality and behavioral patterns within Enneagram.
Would You Rather… have unlimited confidence OR unlimited creativity if nobody judged you?,DISC,Influence vs Compliance,Influence,Compliance,Option A increases Influence tendency. Option B increases Compliance tendency.,AI dynamically tracks evolving personality and behavioral patterns within DISC.
Would You Rather… know your future OR change your past every single weekend?,Big Five,Conscientiousness,High Conscientiousness,Low Conscientiousness,Option A increases High Conscientiousness tendency. Option B increases Low Conscientiousness tendency.,AI dynamically tracks evolving personality and behavioral patterns within Big Five.
Would You Rather… constantly seek adventure OR maintain inner peace during a global crisis?,Big Five,Agreeableness,High Agreeableness,Low Agreeableness,Option A increases High Agreeableness tendency. Option B increases Low Agreeableness tendency.,AI dynamically tracks evolving personality and behavioral patterns within Big Five.
Would You Rather… spend money on experiences OR material possessions if success was guaranteed?,MBTI,Introversion vs Extraversion,Introversion,Extraversion,Option A increases Introversion tendency. Option B increases Extraversion tendency.,AI dynamically tracks evolving personality and behavioral patterns within MBTI.
Would You Rather… solve emotional conflicts OR solve technical problems if failure was impossible?,Big Five,Agreeableness,High Agreeableness,Low Agreeableness,Option A increases High Agreeableness tendency. Option B increases Low Agreeableness tendency.,AI dynamically tracks evolving personality and behavioral patterns within Big Five.
Would You Rather… trust science completely OR trust human intuition more if success was guaranteed?,MBTI,Intuition vs Sensing,Intuition,Sensing,Option A increases Intuition tendency. Option B increases Sensing tendency.,AI dynamically tracks evolving personality and behavioral patterns within MBTI.
Would You Rather… have one soulmate OR endless exciting relationships if success was guaranteed?,Big Five,Conscientiousness,High Conscientiousness,Low Conscientiousness,Option A increases High Conscientiousness tendency. Option B increases Low Conscientiousness tendency.,AI dynamically tracks evolving personality and behavioral patterns within Big Five.
Would You Rather… become emotionally fearless OR intellectually brilliant if failure was impossible?,MBTI,Judging vs Perceiving,Judging,Perceiving,Option A increases Judging tendency. Option B increases Perceiving tendency.,AI dynamically tracks evolving personality and behavioral patterns within MBTI.
Would You Rather… spend years mastering one skill OR constantly learn new things if nobody judged you?,Enneagram,Security vs Adventure,Security,Adventure,Option A increases Security tendency. Option B increases Adventure tendency.,AI dynamically tracks evolving personality and behavioral patterns within Enneagram.
Would You Rather… know your future OR change your past if success was guaranteed?,DISC,Dominance vs Steadiness,Dominance,Steadiness,Option A increases Dominance tendency. Option B increases Steadiness tendency.,AI dynamically tracks evolving personality and behavioral patterns within DISC.
Would You Rather… be the leader of a team OR the mastermind behind the scenes if nobody judged you?,MBTI,Judging vs Perceiving,Judging,Perceiving,Option A increases Judging tendency. Option B increases Perceiving tendency.,AI dynamically tracks evolving personality and behavioral patterns within MBTI.
Would You Rather… have unlimited time OR unlimited money?,Big Five,Conscientiousness,High Conscientiousness,Low Conscientiousness,Option A increases High Conscientiousness tendency. Option B increases Low Conscientiousness tendency.,AI behavior engine dynamically maps long-term trends for Big Five personality modeling.
Would You Rather… become the smartest person in the room OR the funniest?,MBTI,Introversion vs Extraversion,Introversion,Extraversion,Option A increases Introversion tendency. Option B increases Extraversion tendency.,AI behavior engine dynamically maps long-term trends for MBTI personality modeling.
Would You Rather… live completely offline OR fully immersed in virtual reality?,Big Five,Conscientiousness,High Conscientiousness,Low Conscientiousness,Option A increases High Conscientiousness tendency. Option B increases Low Conscientiousness tendency.,AI behavior engine dynamically maps long-term trends for Big Five personality modeling.
Would You Rather… always follow your heart OR always follow logic?,MBTI,Introversion vs Extraversion,Introversion,Extraversion,Option A increases Introversion tendency. Option B increases Extraversion tendency.,AI behavior engine dynamically maps long-term trends for MBTI personality modeling.
Would You Rather… own your dream home OR travel the world forever?,DISC,Influence vs Compliance,Influence,Compliance,Option A increases Influence tendency. Option B increases Compliance tendency.,AI behavior engine dynamically maps long-term trends for DISC personality modeling.
Would You Rather… be highly disciplined OR naturally talented?,Love Languages,Touch vs Independence,Physical Touch,Independence,Option A increases Physical Touch tendency. Option B increases Independence tendency.,AI behavior engine dynamically maps long-term trends for Love Languages personality modeling.
Would You Rather… know everyone’s secrets OR have nobody know yours?,Love Languages,Time vs Gifts,Quality Time,Receiving Gifts,Option A increases Quality Time tendency. Option B increases Receiving Gifts tendency.,AI behavior engine dynamically maps long-term trends for Love Languages personality modeling.
Would You Rather… build strong routines OR embrace daily unpredictability?,Big Five,Openness,High Openness,Low Openness,Option A increases High Openness tendency. Option B increases Low Openness tendency.,AI behavior engine dynamically maps long-term trends for Big Five personality modeling.
Would You Rather… become famous for innovation OR compassion?,Enneagram,Achievement vs Authenticity,Achievement,Authenticity,Option A increases Achievement tendency. Option B increases Authenticity tendency.,AI behavior engine dynamically maps long-term trends for Enneagram personality modeling.
Would You Rather… solve a global crisis OR invent a revolutionary technology?,MBTI,Introversion vs Extraversion,Introversion,Extraversion,Option A increases Introversion tendency. Option B increases Extraversion tendency.,AI behavior engine dynamically maps long-term trends for MBTI personality modeling.
Would You Rather… spend years planning OR take action immediately?,Enneagram,Security vs Adventure,Security,Adventure,Option A increases Security tendency. Option B increases Adventure tendency.,AI behavior engine dynamically maps long-term trends for Enneagram personality modeling.
Would You Rather… always be calm OR always be highly motivated?,Enneagram,Security vs Adventure,Security,Adventure,Option A increases Security tendency. Option B increases Adventure tendency.,AI behavior engine dynamically maps long-term trends for Enneagram personality modeling.
Would You Rather… have deep emotional intelligence OR elite analytical skills?,MBTI,Thinking vs Feeling,Thinking,Feeling,Option A increases Thinking tendency. Option B increases Feeling tendency.,AI behavior engine dynamically maps long-term trends for MBTI personality modeling.
Would You Rather… work with AI assistants OR entirely human teams?,Big Five,Agreeableness,High Agreeableness,Low Agreeableness,Option A increases High Agreeableness tendency. Option B increases Low Agreeableness tendency.,AI behavior engine dynamically maps long-term trends for Big Five personality modeling.
Would You Rather… have complete independence OR strong community support?,Enneagram,Security vs Adventure,Security,Adventure,Option A increases Security tendency. Option B increases Adventure tendency.,AI behavior engine dynamically maps long-term trends for Enneagram personality modeling.
Would You Rather… take the safe path OR gamble on greatness?,Big Five,Conscientiousness,High Conscientiousness,Low Conscientiousness,Option A increases High Conscientiousness tendency. Option B increases Low Conscientiousness tendency.,AI behavior engine dynamically maps long-term trends for Big Five personality modeling.
Would You Rather… be extremely adaptable OR extremely focused?,Big Five,Neuroticism,Emotional Reactivity,Emotional Stability,Option A increases Emotional Reactivity tendency. Option B increases Emotional Stability tendency.,AI behavior engine dynamically maps long-term trends for Big Five personality modeling.
Would You Rather… influence millions online OR mentor a small group deeply?,Big Five,Conscientiousness,High Conscientiousness,Low Conscientiousness,Option A increases High Conscientiousness tendency. Option B increases Low Conscientiousness tendency.,AI behavior engine dynamically maps long-term trends for Big Five personality modeling.
Would You Rather… know exactly how people see you OR never know at all?,DISC,Dominance vs Steadiness,Dominance,Steadiness,Option A increases Dominance tendency. Option B increases Steadiness tendency.,AI behavior engine dynamically maps long-term trends for DISC personality modeling.
Would You Rather… constantly seek growth OR protect your peace?,Big Five,Openness,High Openness,Low Openness,Option A increases High Openness tendency. Option B increases Low Openness tendency.,AI behavior engine dynamically maps long-term trends for Big Five personality modeling.
Would You Rather… create art OR build businesses?,DISC,Influence vs Compliance,Influence,Compliance,Option A increases Influence tendency. Option B increases Compliance tendency.,AI behavior engine dynamically maps long-term trends for DISC personality modeling.
Would You Rather… lead emotionally OR lead strategically?,MBTI,Judging vs Perceiving,Judging,Perceiving,Option A increases Judging tendency. Option B increases Perceiving tendency.,AI behavior engine dynamically maps long-term trends for MBTI personality modeling.
Would You Rather… have a predictable future OR an exciting unknown future?,MBTI,Intuition vs Sensing,Intuition,Sensing,Option A increases Intuition tendency. Option B increases Sensing tendency.,AI behavior engine dynamically maps long-term trends for MBTI personality modeling.
Would You Rather… spend more time thinking OR more time doing?,Love Languages,Time vs Gifts,Quality Time,Receiving Gifts,Option A increases Quality Time tendency. Option B increases Receiving Gifts tendency.,AI behavior engine dynamically maps long-term trends for Love Languages personality modeling.
Would You Rather… become highly respected OR deeply loved?,Big Five,Openness,High Openness,Low Openness,Option A increases High Openness tendency. Option B increases Low Openness tendency.,AI behavior engine dynamically maps long-term trends for Big Five personality modeling.
Would You Rather… master psychology OR master technology?,Love Languages,Touch vs Independence,Physical Touch,Independence,Option A increases Physical Touch tendency. Option B increases Independence tendency.,AI behavior engine dynamically maps long-term trends for Love Languages personality modeling.
Would You Rather… trust your instincts OR wait for proof?,Big Five,Neuroticism,Emotional Reactivity,Emotional Stability,Option A increases Emotional Reactivity tendency. Option B increases Emotional Stability tendency.,AI behavior engine dynamically maps long-term trends for Big Five personality modeling.
Would You Rather… live fast and intensely OR slow and peacefully?,Big Five,Agreeableness,High Agreeableness,Low Agreeableness,Option A increases High Agreeableness tendency. Option B increases Low Agreeableness tendency.,AI behavior engine dynamically maps long-term trends for Big Five personality modeling.
Would You Rather… constantly challenge yourself OR remain comfortable and secure?,Love Languages,Touch vs Independence,Physical Touch,Independence,Option A increases Physical Touch tendency. Option B increases Independence tendency.,AI behavior engine dynamically maps long-term trends for Love Languages personality modeling.
Would You Rather… express your emotions openly OR stay emotionally private?,MBTI,Judging vs Perceiving,Judging,Perceiving,Option A increases Judging tendency. Option B increases Perceiving tendency.,AI behavior engine dynamically maps long-term trends for MBTI personality modeling.
Would You Rather… constantly seek growth OR protect your peace if nobody could judge you?,DISC,Influence vs Compliance,Influence,Compliance,Option A increases Influence tendency. Option B increases Compliance tendency.,AI behavior engine dynamically maps long-term trends for DISC personality modeling.
Would You Rather… work with AI assistants OR entirely human teams if success was guaranteed?,MBTI,Thinking vs Feeling,Thinking,Feeling,Option A increases Thinking tendency. Option B increases Feeling tendency.,AI behavior engine dynamically maps long-term trends for MBTI personality modeling.
Would You Rather… have a predictable future OR an exciting unknown future in a leadership role?,DISC,Influence vs Compliance,Influence,Compliance,Option A increases Influence tendency. Option B increases Compliance tendency.,AI behavior engine dynamically maps long-term trends for DISC personality modeling.
Would You Rather… own your dream home OR travel the world forever for the next 5 years?,DISC,Influence vs Compliance,Influence,Compliance,Option A increases Influence tendency. Option B increases Compliance tendency.,AI behavior engine dynamically maps long-term trends for DISC personality modeling.
Would You Rather… constantly challenge yourself OR remain comfortable and secure in a leadership role?,MBTI,Thinking vs Feeling,Thinking,Feeling,Option A increases Thinking tendency. Option B increases Feeling tendency.,AI behavior engine dynamically maps long-term trends for MBTI personality modeling.
Would You Rather… trust your instincts OR wait for proof while building your future?,Enneagram,Security vs Adventure,Security,Adventure,Option A increases Security tendency. Option B increases Adventure tendency.,AI behavior engine dynamically maps long-term trends for Enneagram personality modeling.
Would You Rather… solve a global crisis OR invent a revolutionary technology in front of the entire world?,Big Five,Neuroticism,Emotional Reactivity,Emotional Stability,Option A increases Emotional Reactivity tendency. Option B increases Emotional Stability tendency.,AI behavior engine dynamically maps long-term trends for Big Five personality modeling.
Would You Rather… spend years planning OR take action immediately while under pressure?,Big Five,Neuroticism,Emotional Reactivity,Emotional Stability,Option A increases Emotional Reactivity tendency. Option B increases Emotional Stability tendency.,AI behavior engine dynamically maps long-term trends for Big Five personality modeling.
Would You Rather… be extremely adaptable OR extremely focused while under pressure?,Big Five,Agreeableness,High Agreeableness,Low Agreeableness,Option A increases High Agreeableness tendency. Option B increases Low Agreeableness tendency.,AI behavior engine dynamically maps long-term trends for Big Five personality modeling.
Would You Rather… know exactly how people see you OR never know at all while building your future?,MBTI,Thinking vs Feeling,Thinking,Feeling,Option A increases Thinking tendency. Option B increases Feeling tendency.,AI behavior engine dynamically maps long-term trends for MBTI personality modeling.
Would You Rather… become highly respected OR deeply loved in a leadership role?,Love Languages,Time vs Gifts,Quality Time,Receiving Gifts,Option A increases Quality Time tendency. Option B increases Receiving Gifts tendency.,AI behavior engine dynamically maps long-term trends for Love Languages personality modeling.
Would You Rather… be extremely adaptable OR extremely focused if success was guaranteed?,DISC,Dominance vs Steadiness,Dominance,Steadiness,Option A increases Dominance tendency. Option B increases Steadiness tendency.,AI behavior engine dynamically maps long-term trends for DISC personality modeling.
Would You Rather… take the safe path OR gamble on greatness if success was guaranteed?,Love Languages,Touch vs Independence,Physical Touch,Independence,Option A increases Physical Touch tendency. Option B increases Independence tendency.,AI behavior engine dynamically maps long-term trends for Love Languages personality modeling.
Would You Rather… have complete independence OR strong community support in front of the entire world?,Big Five,Agreeableness,High Agreeableness,Low Agreeableness,Option A increases High Agreeableness tendency. Option B increases Low Agreeableness tendency.,AI behavior engine dynamically maps long-term trends for Big Five personality modeling.
Would You Rather… work with AI assistants OR entirely human teams while under pressure?,MBTI,Judging vs Perceiving,Judging,Perceiving,Option A increases Judging tendency. Option B increases Perceiving tendency.,AI behavior engine dynamically maps long-term trends for MBTI personality modeling.
Would You Rather… live fast and intensely OR slow and peacefully in a leadership role?,MBTI,Thinking vs Feeling,Thinking,Feeling,Option A increases Thinking tendency. Option B increases Feeling tendency.,AI behavior engine dynamically maps long-term trends for MBTI personality modeling.
Would You Rather… master psychology OR master technology in a leadership role?,Big Five,Agreeableness,High Agreeableness,Low Agreeableness,Option A increases High Agreeableness tendency. Option B increases Low Agreeableness tendency.,AI behavior engine dynamically maps long-term trends for Big Five personality modeling.
Would You Rather… take the safe path OR gamble on greatness if nobody could judge you?,Big Five,Conscientiousness,High Conscientiousness,Low Conscientiousness,Option A increases High Conscientiousness tendency. Option B increases Low Conscientiousness tendency.,AI behavior engine dynamically maps long-term trends for Big Five personality modeling.
Would You Rather… become famous for innovation OR compassion in front of the entire world?,MBTI,Thinking vs Feeling,Thinking,Feeling,Option A increases Thinking tendency. Option B increases Feeling tendency.,AI behavior engine dynamically maps long-term trends for MBTI personality modeling.
Would You Rather… build strong routines OR embrace daily unpredictability if nobody could judge you?,Big Five,Conscientiousness,High Conscientiousness,Low Conscientiousness,Option A increases High Conscientiousness tendency. Option B increases Low Conscientiousness tendency.,AI behavior engine dynamically maps long-term trends for Big Five personality modeling.
Would You Rather… constantly challenge yourself OR remain comfortable and secure if success was guaranteed?,MBTI,Thinking vs Feeling,Thinking,Feeling,Option A increases Thinking tendency. Option B increases Feeling tendency.,AI behavior engine dynamically maps long-term trends for MBTI personality modeling.
Would You Rather… influence millions online OR mentor a small group deeply for the next 5 years?,Love Languages,Touch vs Independence,Physical Touch,Independence,Option A increases Physical Touch tendency. Option B increases Independence tendency.,AI behavior engine dynamically maps long-term trends for Love Languages personality modeling.
Would You Rather… trust your instincts OR wait for proof in a leadership role?,MBTI,Introversion vs Extraversion,Introversion,Extraversion,Option A increases Introversion tendency. Option B increases Extraversion tendency.,AI behavior engine dynamically maps long-term trends for MBTI personality modeling.
Would You Rather… always be calm OR always be highly motivated while under pressure?,Love Languages,Time vs Gifts,Quality Time,Receiving Gifts,Option A increases Quality Time tendency. Option B increases Receiving Gifts tendency.,AI behavior engine dynamically maps long-term trends for Love Languages personality modeling.
Would You Rather… constantly challenge yourself OR remain comfortable and secure if success was guaranteed?,MBTI,Intuition vs Sensing,Intuition,Sensing,Option A increases Intuition tendency. Option B increases Sensing tendency.,AI behavior engine dynamically maps long-term trends for MBTI personality modeling.
Would You Rather… have deep emotional intelligence OR elite analytical skills if success was guaranteed?,MBTI,Intuition vs Sensing,Intuition,Sensing,Option A increases Intuition tendency. Option B increases Sensing tendency.,AI behavior engine dynamically maps long-term trends for MBTI personality modeling.
Would You Rather… always be calm OR always be highly motivated while building your future?,Love Languages,Touch vs Independence,Physical Touch,Independence,Option A increases Physical Touch tendency. Option B increases Independence tendency.,AI behavior engine dynamically maps long-term trends for Love Languages personality modeling.
Would You Rather… constantly seek growth OR protect your peace during uncertain times?,Enneagram,Achievement vs Authenticity,Achievement,Authenticity,Option A increases Achievement tendency. Option B increases Authenticity tendency.,AI behavior engine dynamically maps long-term trends for Enneagram personality modeling.
Would You Rather… have deep emotional intelligence OR elite analytical skills while under pressure?,MBTI,Judging vs Perceiving,Judging,Perceiving,Option A increases Judging tendency. Option B increases Perceiving tendency.,AI behavior engine dynamically maps long-term trends for MBTI personality modeling.
Would You Rather… have unlimited time OR unlimited money while building your future?,MBTI,Intuition vs Sensing,Intuition,Sensing,Option A increases Intuition tendency. Option B increases Sensing tendency.,AI behavior engine dynamically maps long-term trends for MBTI personality modeling.
Would You Rather… lead emotionally OR lead strategically while under pressure?,MBTI,Thinking vs Feeling,Thinking,Feeling,Option A increases Thinking tendency. Option B increases Feeling tendency.,AI behavior engine dynamically maps long-term trends for MBTI personality modeling.
Would You Rather… work with AI assistants OR entirely human teams during uncertain times?,DISC,Influence vs Compliance,Influence,Compliance,Option A increases Influence tendency. Option B increases Compliance tendency.,AI behavior engine dynamically maps long-term trends for DISC personality modeling.
Would You Rather… solve a global crisis OR invent a revolutionary technology if nobody could judge you?,Big Five,Neuroticism,Emotional Reactivity,Emotional Stability,Option A increases Emotional Reactivity tendency. Option B increases Emotional Stability tendency.,AI behavior engine dynamically maps long-term trends for Big Five personality modeling.
Would You Rather… know everyone’s secrets OR have nobody know yours while under pressure?,Love Languages,Touch vs Independence,Physical Touch,Independence,Option A increases Physical Touch tendency. Option B increases Independence tendency.,AI behavior engine dynamically maps long-term trends for Love Languages personality modeling.
Would You Rather… have complete independence OR strong community support in a leadership role?,Love Languages,Time vs Gifts,Quality Time,Receiving Gifts,Option A increases Quality Time tendency. Option B increases Receiving Gifts tendency.,AI behavior engine dynamically maps long-term trends for Love Languages personality modeling.
Would You Rather… become famous for innovation OR compassion in front of the entire world?,DISC,Influence vs Compliance,Influence,Compliance,Option A increases Influence tendency. Option B increases Compliance tendency.,AI behavior engine dynamically maps long-term trends for DISC personality modeling.
Would You Rather… constantly seek growth OR protect your peace if success was guaranteed?,MBTI,Intuition vs Sensing,Intuition,Sensing,Option A increases Intuition tendency. Option B increases Sensing tendency.,AI behavior engine dynamically maps long-term trends for MBTI personality modeling.
Would You Rather… spend more time thinking OR more time doing if success was guaranteed?,Big Five,Conscientiousness,High Conscientiousness,Low Conscientiousness,Option A increases High Conscientiousness tendency. Option B increases Low Conscientiousness tendency.,AI behavior engine dynamically maps long-term trends for Big Five personality modeling.
Would You Rather… live completely offline OR fully immersed in virtual reality if nobody could judge you?,MBTI,Thinking vs Feeling,Thinking,Feeling,Option A increases Thinking tendency. Option B increases Feeling tendency.,AI behavior engine dynamically maps long-term trends for MBTI personality modeling.
Would You Rather… become the smartest person in the room OR the funniest in a leadership role?,MBTI,Introversion vs Extraversion,Introversion,Extraversion,Option A increases Introversion tendency. Option B increases Extraversion tendency.,AI behavior engine dynamically maps long-term trends for MBTI personality modeling.
Would You Rather… become the smartest person in the room OR the funniest in front of the entire world?,MBTI,Intuition vs Sensing,Intuition,Sensing,Option A increases Intuition tendency. Option B increases Sensing tendency.,AI behavior engine dynamically maps long-term trends for MBTI personality modeling.
Would You Rather… have deep emotional intelligence OR elite analytical skills while building your future?,Big Five,Conscientiousness,High Conscientiousness,Low Conscientiousness,Option A increases High Conscientiousness tendency. Option B increases Low Conscientiousness tendency.,AI behavior engine dynamically maps long-term trends for Big Five personality modeling.
Would You Rather… become the smartest person in the room OR the funniest for the next 5 years?,MBTI,Introversion vs Extraversion,Introversion,Extraversion,Option A increases Introversion tendency. Option B increases Extraversion tendency.,AI behavior engine dynamically maps long-term trends for MBTI personality modeling.
Would You Rather… express your emotions openly OR stay emotionally private in front of the entire world?,MBTI,Thinking vs Feeling,Thinking,Feeling,Option A increases Thinking tendency. Option B increases Feeling tendency.,AI behavior engine dynamically maps long-term trends for MBTI personality modeling.
Would You Rather… become the smartest person in the room OR the funniest while under pressure?,MBTI,Thinking vs Feeling,Thinking,Feeling,Option A increases Thinking tendency. Option B increases Feeling tendency.,AI behavior engine dynamically maps long-term trends for MBTI personality modeling.
Would You Rather… live fast and intensely OR slow and peacefully while building your future?,Big Five,Neuroticism,Emotional Reactivity,Emotional Stability,Option A increases Emotional Reactivity tendency. Option B increases Emotional Stability tendency.,AI behavior engine dynamically maps long-term trends for Big Five personality modeling.
Would You Rather… always follow your heart OR always follow logic in front of the entire world?,Big Five,Conscientiousness,High Conscientiousness,Low Conscientiousness,Option A increases High Conscientiousness tendency. Option B increases Low Conscientiousness tendency.,AI behavior engine dynamically maps long-term trends for Big Five personality modeling.
Would You Rather… become highly respected OR deeply loved while under pressure?,DISC,Dominance vs Steadiness,Dominance,Steadiness,Option A increases Dominance tendency. Option B increases Steadiness tendency.,AI behavior engine dynamically maps long-term trends for DISC personality modeling.
Would You Rather… own your dream home OR travel the world forever while building your future?,Love Languages,Touch vs Independence,Physical Touch,Independence,Option A increases Physical Touch tendency. Option B increases Independence tendency.,AI behavior engine dynamically maps long-term trends for Love Languages personality modeling.
Would You Rather… become highly respected OR deeply loved if success was guaranteed?,MBTI,Thinking vs Feeling,Thinking,Feeling,Option A increases Thinking tendency. Option B increases Feeling tendency.,AI behavior engine dynamically maps long-term trends for MBTI personality modeling.
Would You Rather… become highly respected OR deeply loved in front of the entire world?,DISC,Dominance vs Steadiness,Dominance,Steadiness,Option A increases Dominance tendency. Option B increases Steadiness tendency.,AI behavior engine dynamically maps long-term trends for DISC personality modeling.
Would You Rather… solve a global crisis OR invent a revolutionary technology in front of the entire world?,Big Five,Openness,High Openness,Low Openness,Option A increases High Openness tendency. Option B increases Low Openness tendency.,AI behavior engine dynamically maps long-term trends for Big Five personality modeling.
Would You Rather… always follow your heart OR always follow logic for the next 5 years?,Love Languages,Touch vs Independence,Physical Touch,Independence,Option A increases Physical Touch tendency. Option B increases Independence tendency.,AI behavior engine dynamically maps long-term trends for Love Languages personality modeling.
Would You Rather… lead emotionally OR lead strategically while building your future?,Big Five,Neuroticism,Emotional Reactivity,Emotional Stability,Option A increases Emotional Reactivity tendency. Option B increases Emotional Stability tendency.,AI behavior engine dynamically maps long-term trends for Big Five personality modeling.
Would You Rather… own your dream home OR travel the world forever if nobody could judge you?,Love Languages,Time vs Gifts,Quality Time,Receiving Gifts,Option A increases Quality Time tendency. Option B increases Receiving Gifts tendency.,AI behavior engine dynamically maps long-term trends for Love Languages personality modeling.
Would You Rather… trust your instincts OR wait for proof during uncertain times?,DISC,Dominance vs Steadiness,Dominance,Steadiness,Option A increases Dominance tendency. Option B increases Steadiness tendency.,AI behavior engine dynamically maps long-term trends for DISC personality modeling.
Would You Rather… become the smartest person in the room OR the funniest in front of the entire world?,Love Languages,Touch vs Independence,Physical Touch,Independence,Option A increases Physical Touch tendency. Option B increases Independence tendency.,AI behavior engine dynamically maps long-term trends for Love Languages personality modeling.
Would You Rather… create art OR build businesses in front of the entire world?,DISC,Dominance vs Steadiness,Dominance,Steadiness,Option A increases Dominance tendency. Option B increases Steadiness tendency.,AI behavior engine dynamically maps long-term trends for DISC personality modeling.
Would You Rather… know exactly how people see you OR never know at all while under pressure?,Big Five,Agreeableness,High Agreeableness,Low Agreeableness,Option A increases High Agreeableness tendency. Option B increases Low Agreeableness tendency.,AI behavior engine dynamically maps long-term trends for Big Five personality modeling.
Would You Rather… constantly seek growth OR protect your peace while under pressure?,MBTI,Thinking vs Feeling,Thinking,Feeling,Option A increases Thinking tendency. Option B increases Feeling tendency.,AI behavior engine dynamically maps long-term trends for MBTI personality modeling.
Would You Rather… express your emotions openly OR stay emotionally private while under pressure?,Big Five,Openness,High Openness,Low Openness,Option A increases High Openness tendency. Option B increases Low Openness tendency.,AI behavior engine dynamically maps long-term trends for Big Five personality modeling.
Would You Rather… have deep emotional intelligence OR elite analytical skills in a leadership role?,Big Five,Agreeableness,High Agreeableness,Low Agreeableness,Option A increases High Agreeableness tendency. Option B increases Low Agreeableness tendency.,AI behavior engine dynamically maps long-term trends for Big Five personality modeling.
Would You Rather… have unlimited time OR unlimited money in a leadership role?,Big Five,Conscientiousness,High Conscientiousness,Low Conscientiousness,Option A increases High Conscientiousness tendency. Option B increases Low Conscientiousness tendency.,AI behavior engine dynamically maps long-term trends for Big Five personality modeling.
Would You Rather… know everyone’s secrets OR have nobody know yours during uncertain times?,Big Five,Agreeableness,High Agreeableness,Low Agreeableness,Option A increases High Agreeableness tendency. Option B increases Low Agreeableness tendency.,AI behavior engine dynamically maps long-term trends for Big Five personality modeling.
Would You Rather… know everyone’s secrets OR have nobody know yours if success was guaranteed?,Big Five,Openness,High Openness,Low Openness,Option A increases High Openness tendency. Option B increases Low Openness tendency.,AI behavior engine dynamically maps long-term trends for Big Five personality modeling.
Would You Rather… have deep emotional intelligence OR elite analytical skills during uncertain times?,Love Languages,Touch vs Independence,Physical Touch,Independence,Option A increases Physical Touch tendency. Option B increases Independence tendency.,AI behavior engine dynamically maps long-term trends for Love Languages personality modeling.
Would You Rather… express your emotions openly OR stay emotionally private in a leadership role?,Love Languages,Time vs Gifts,Quality Time,Receiving Gifts,Option A increases Quality Time tendency. Option B increases Receiving Gifts tendency.,AI behavior engine dynamically maps long-term trends for Love Languages personality modeling.
Would You Rather… have deep emotional intelligence OR elite analytical skills in a leadership role?,MBTI,Thinking vs Feeling,Thinking,Feeling,Option A increases Thinking tendency. Option B increases Feeling tendency.,AI behavior engine dynamically maps long-term trends for MBTI personality modeling.
Would You Rather… master psychology OR master technology while building your future?,Big Five,Conscientiousness,High Conscientiousness,Low Conscientiousness,Option A increases High Conscientiousness tendency. Option B increases Low Conscientiousness tendency.,AI behavior engine dynamically maps long-term trends for Big Five personality modeling.
Would You Rather… live completely offline OR fully immersed in virtual reality in front of the entire world?,Love Languages,Touch vs Independence,Physical Touch,Independence,Option A increases Physical Touch tendency. Option B increases Independence tendency.,AI behavior engine dynamically maps long-term trends for Love Languages personality modeling.